<?XML version="1.0" encoding="UTF-8"?>
<COCLASSES FILENAME="SliceAndDice.dll" FILESAVENAME="D:\Data\Programming\Projects - Firm Solutions\SliceAndDice\SliceAndDice.xml">
<COCLASS NAME="Wizard" SYSID="3E058FB1-5979-454997F0DC8BE201844C" CHECKED="True">
	<HELPSTRING>Sandy - Slice and Dice for Visual Basic</HELPSTRING>
	<METHOD NAME="EnumFiles" CHECKED="True" SYSID="6FE03803-969D-494FAFAD1D49931B92D">
		<METHPARAM NAME="sPath" DEFAULT="False" OPTIONAL="False" TYPENAME="String">
		</METHPARAM>
		<METHPARAM NAME="sMask" DEFAULT="False" OPTIONAL="False" TYPENAME="String">
		</METHPARAM>
		<METHPARAM NAME="sAttr" DEFAULT="False" OPTIONAL="False" TYPENAME="String">
		</METHPARAM>
	</METHOD>
	<METHOD NAME="Evaluate" CHECKED="True" SYSID="D4215238-7BF9-4AF9862D3013787927BE">
		<METHPARAM NAME="sExpression" DEFAULT="False" OPTIONAL="False" TYPENAME="String">
		</METHPARAM>
		<METHPARAM NAME="asaVar" DEFAULT="False" OPTIONAL="False" TYPENAME="_CAssocArray">
		</METHPARAM>
	</METHOD>
	<METHOD NAME="FileExists" CHECKED="True" SYSID="3AF5D3D2-9B4E-457E9CAE4B5713C3DBF4">
		<METHPARAM NAME="sFilename" DEFAULT="False" OPTIONAL="False" TYPENAME="String">
		</METHPARAM>
	</METHOD>
	<METHOD NAME="HandleKeyPress" CHECKED="True" SYSID="26389A3B-1A03-46EE812B4EC87595CCE">
		<METHPARAM NAME="KeyCode" DEFAULT="False" OPTIONAL="False" TYPENAME="Integer">
		</METHPARAM>
		<METHPARAM NAME="Shift" DEFAULT="False" OPTIONAL="False" TYPENAME="Integer">
		</METHPARAM>
	</METHOD>
	<METHOD NAME="JumpTo" CHECKED="True" SYSID="C3C008E8-3BE8-4BFB9437CEFDFCE65D2C">
		<METHPARAM NAME="sTemplateName" DEFAULT="False" OPTIONAL="False" TYPENAME="String">
		</METHPARAM>
		<METHPARAM NAME="bRecordInHistory" DEFAULT="True" DEFAULTVALUE="True" OPTIONAL="False" TYPENAME="Boolean">
		</METHPARAM>
		<METHPARAM NAME="bSyncCategoryList" DEFAULT="True" DEFAULTVALUE="False" OPTIONAL="False" TYPENAME="Boolean">
		</METHPARAM>
	</METHOD>
	<METHOD NAME="NewTemplate" CHECKED="True" SYSID="370CFCEB-C955-48BAAC54C050975F15A3">
		<METHPARAM NAME="bAutoCreate" DEFAULT="True" DEFAULTVALUE="False" OPTIONAL="False" TYPENAME="Boolean">
		</METHPARAM>
		<METHPARAM NAME="sTitle" DEFAULT="False" OPTIONAL="False" TYPENAME="String">
		</METHPARAM>
		<METHPARAM NAME="sDefaultShortName" DEFAULT="False" OPTIONAL="False" TYPENAME="String">
		</METHPARAM>
		<METHPARAM NAME="bJumpToAfterCreate" DEFAULT="True" DEFAULTVALUE="True" OPTIONAL="False" TYPENAME="Boolean">
		</METHPARAM>
	</METHOD>
	<METHOD NAME="sChooseColor" CHECKED="True" SYSID="71736032-8280-4D79A55E569936FA9F40">
		<METHPARAM NAME="sInitialColor" DEFAULT="False" OPTIONAL="False" TYPENAME="String">
		</METHPARAM>
	</METHOD>
	<METHOD NAME="sChooseFile" CHECKED="True" SYSID="9E28F387-2F1F-450A9EC6008F26601DB">
		<METHPARAM NAME="sPath" DEFAULT="False" OPTIONAL="False" TYPENAME="String">
		</METHPARAM>
		<METHPARAM NAME="sFilename" DEFAULT="False" OPTIONAL="False" TYPENAME="String">
		</METHPARAM>
		<METHPARAM NAME="sFilter" DEFAULT="False" OPTIONAL="False" TYPENAME="String">
		</METHPARAM>
	</METHOD>
	<METHOD NAME="ShowSplashScreen" CHECKED="True" SYSID="C4F3DE60-6D0B-45119CCEE2027CDF772C">
	</METHOD>
	<METHOD NAME="GetATemplate" CHECKED="True" SYSID="CA8E4B6E-CF61-4FA89500B073205DA15C">
		<METHPARAM NAME="sCategory" DEFAULT="False" OPTIONAL="False" TYPENAME="String">
		</METHPARAM>
		<METHPARAM NAME="sTemplate" DEFAULT="False" OPTIONAL="False" TYPENAME="String">
		</METHPARAM>
	</METHOD>
	<METHOD NAME="LogError" CHECKED="True" SYSID="177B2F5D-3443-4F1CA30053ADFA6D9FEA">
		<METHPARAM NAME="sModuleName" DEFAULT="False" OPTIONAL="False" TYPENAME="String">
		</METHPARAM>
		<METHPARAM NAME="sProcName" DEFAULT="False" OPTIONAL="False" TYPENAME="String">
		</METHPARAM>
		<METHPARAM NAME="lError" DEFAULT="False" OPTIONAL="False" TYPENAME="Long">
		</METHPARAM>
		<METHPARAM NAME="sErrorMsg" DEFAULT="False" OPTIONAL="False" TYPENAME="String">
		</METHPARAM>
	</METHOD>
	<METHOD NAME="sFileContents" CHECKED="True" SYSID="763345CC-48F1-466B9990738F2E131300">
		<METHPARAM NAME="sPathAndFilename" DEFAULT="False" OPTIONAL="False" TYPENAME="String">
		</METHPARAM>
	</METHOD>
	<METHOD NAME="sGetGUID" CHECKED="True" SYSID="EE966809-C258-4F9C83D77800F6575FD7">
		<METHPARAM NAME="sProgID" DEFAULT="False" OPTIONAL="False" TYPENAME="String">
		</METHPARAM>
	</METHOD>
	<METHOD NAME="sChoose" CHECKED="True" SYSID="A9E85D2A-E310-4077A5E54319EDBE636">
		<METHPARAM NAME="sChoices" DEFAULT="False" OPTIONAL="False" TYPENAME="String">
		</METHPARAM>
		<METHPARAM NAME="sDelimiter" DEFAULT="True" DEFAULTVALUE=";" OPTIONAL="False" TYPENAME="String">
		</METHPARAM>
		<METHPARAM NAME="sDefault" DEFAULT="False" OPTIONAL="False" TYPENAME="String">
		</METHPARAM>
	</METHOD>
	<METHOD NAME="sExtractToken" CHECKED="True" SYSID="D09C36CB-7750-4ECB8C5D1FD1835CD936">
		<METHPARAM NAME="sOrigStr" DEFAULT="False" OPTIONAL="False" TYPENAME="String">
		</METHPARAM>
		<METHPARAM NAME="nToken" DEFAULT="True" DEFAULTVALUE="1" OPTIONAL="False" TYPENAME="Integer">
		</METHPARAM>
		<METHPARAM NAME="strDelim" DEFAULT="True" DEFAULTVALUE=" " OPTIONAL="False" TYPENAME="String">
		</METHPARAM>
	</METHOD>
	<METHOD NAME="BrowseForFolder" CHECKED="True" SYSID="08F9183A-8739-4D968200A5CA501F3607">
		<METHPARAM NAME="sPrompt" DEFAULT="False" OPTIONAL="False" TYPENAME="String">
		</METHPARAM>
	</METHOD>
	<METHOD NAME="bUserSure" CHECKED="True" SYSID="D45C862B-8C3E-4DE4BA7EDD3F1D0C851">
		<METHPARAM NAME="sPrompt" DEFAULT="True" DEFAULTVALUE="Are you sure this is what you want to do ?" OPTIONAL="False" TYPENAME="String">
		</METHPARAM>
	</METHOD>
	<METHOD NAME="NextNegativeUnique" CHECKED="True" SYSID="0B07620F-DE76-476E979160EBD05D21B7">
	</METHOD>
	<METHOD NAME="lTokenCount" CHECKED="True" SYSID="B7F17033-4E08-49A68CB9610835B9496D">
		<METHPARAM NAME="sAllTokens" DEFAULT="False" OPTIONAL="False" TYPENAME="String">
		</METHPARAM>
		<METHPARAM NAME="sDelim" DEFAULT="True" DEFAULTVALUE=" " OPTIONAL="False" TYPENAME="String">
		</METHPARAM>
	</METHOD>
	<METHOD NAME="nZ" CHECKED="True" SYSID="CEABEA20-CE7C-44CC843CBCB9F50FAD2">
		<METHPARAM NAME="vData" DEFAULT="False" OPTIONAL="False" TYPENAME="Variant">
		</METHPARAM>
		<METHPARAM NAME="sDefault" DEFAULT="True" DEFAULTVALUE="" OPTIONAL="False" TYPENAME="String">
		</METHPARAM>
	</METHOD>
	<METHOD NAME="sDenormalize" CHECKED="True" SYSID="60D87A67-3077-410EBC114F6B4D56ED01">
		<METHPARAM NAME="sLine" DEFAULT="False" OPTIONAL="False" TYPENAME="String">
		</METHPARAM>
	</METHOD>
	<METHOD NAME="sGetToken" CHECKED="True" SYSID="CF22B494-BD0E-41A79596F33C3EEFC10">
		<METHPARAM NAME="sAllTokens" DEFAULT="False" OPTIONAL="False" TYPENAME="String">
		</METHPARAM>
		<METHPARAM NAME="lToken" DEFAULT="True" DEFAULTVALUE="1" OPTIONAL="False" TYPENAME="Long">
		</METHPARAM>
		<METHPARAM NAME="sDelim" DEFAULT="True" DEFAULTVALUE=" " OPTIONAL="False" TYPENAME="String">
		</METHPARAM>
	</METHOD>
	<METHOD NAME="sAfter" CHECKED="True" SYSID="B4CEEBD8-D3F9-4BA0834C002271C83D59">
		<METHPARAM NAME="sAllTokens" DEFAULT="False" OPTIONAL="False" TYPENAME="String">
		</METHPARAM>
		<METHPARAM NAME="lToken" DEFAULT="True" DEFAULTVALUE="1" OPTIONAL="False" TYPENAME="Long">
		</METHPARAM>
		<METHPARAM NAME="sDelim" DEFAULT="True" DEFAULTVALUE=" " OPTIONAL="False" TYPENAME="String">
		</METHPARAM>
	</METHOD>
	<METHOD NAME="sBefore" CHECKED="True" SYSID="A960B75B-26E5-43678CD572B5E1AA49B3">
		<METHPARAM NAME="sAllTokens" DEFAULT="False" OPTIONAL="False" TYPENAME="String">
		</METHPARAM>
		<METHPARAM NAME="lToken" DEFAULT="True" DEFAULTVALUE="2" OPTIONAL="False" TYPENAME="Long">
		</METHPARAM>
		<METHPARAM NAME="sDelim" DEFAULT="True" DEFAULTVALUE=" " OPTIONAL="False" TYPENAME="String">
		</METHPARAM>
	</METHOD>
	<METHOD NAME="sExcept" CHECKED="True" SYSID="37EA2D3E-7252-4C649381CDFA90423B29">
		<METHPARAM NAME="sAllTokens" DEFAULT="False" OPTIONAL="False" TYPENAME="String">
		</METHPARAM>
		<METHPARAM NAME="lToken" DEFAULT="True" DEFAULTVALUE="1" OPTIONAL="False" TYPENAME="Long">
		</METHPARAM>
		<METHPARAM NAME="sDelim" DEFAULT="True" DEFAULTVALUE=" " OPTIONAL="False" TYPENAME="String">
		</METHPARAM>
	</METHOD>
	<METHOD NAME="sInsertSpaces" CHECKED="True" SYSID="0EFC9F53-852A-4A6FAAD4BBB8581DF20">
		<METHPARAM NAME="sToInsertInto" DEFAULT="False" OPTIONAL="False" TYPENAME="String">
		</METHPARAM>
	</METHOD>
	<METHOD NAME="sNormalize" CHECKED="True" SYSID="65F716B6-5CC7-4A71B12819243D8B4D5F">
		<METHPARAM NAME="sLine" DEFAULT="False" OPTIONAL="False" TYPENAME="String">
		</METHPARAM>
	</METHOD>
	<METHOD NAME="sReplace" CHECKED="True" SYSID="16B0D0C1-C23A-4CE9958206E45037DD35">
		<METHPARAM NAME="sAll" DEFAULT="False" OPTIONAL="False" TYPENAME="String">
		</METHPARAM>
		<METHPARAM NAME="sFind" DEFAULT="False" OPTIONAL="False" TYPENAME="String">
		</METHPARAM>
		<METHPARAM NAME="sReplaceWith" DEFAULT="False" OPTIONAL="False" TYPENAME="String">
		</METHPARAM>
	</METHOD>
	<METHOD NAME="zn" CHECKED="True" SYSID="8DF81389-8F6B-428D8209D3721DB00AD">
		<METHPARAM NAME="sData" DEFAULT="False" OPTIONAL="False" TYPENAME="String">
		</METHPARAM>
	</METHOD>
	<METHOD NAME="lFindToken" CHECKED="True" SYSID="C63B45D1-835D-481FB0DA9FEAFCFCC83">
		<METHPARAM NAME="sAllTokens" DEFAULT="False" OPTIONAL="False" TYPENAME="String">
		</METHPARAM>
		<METHPARAM NAME="sTokenToFind" DEFAULT="False" OPTIONAL="False" TYPENAME="String">
		</METHPARAM>
		<METHPARAM NAME="sDelimiter" DEFAULT="True" DEFAULTVALUE=" " OPTIONAL="False" TYPENAME="String">
		</METHPARAM>
	</METHOD>
	<METHOD NAME="AddPopup" CHECKED="True" SYSID="081FAC3C-4900-40020015C63EEC0044CF">
		<METHPARAM NAME="mcp" DEFAULT="False" OPTIONAL="False" TYPENAME="CommandBarPopup">
		</METHPARAM>
		<METHPARAM NAME="sMenu" DEFAULT="False" OPTIONAL="False" TYPENAME="String">
		</METHPARAM>
		<METHPARAM NAME="nBefore" DEFAULT="False" OPTIONAL="False" TYPENAME="Long">
		</METHPARAM>
		<METHPARAM NAME="sCaption" DEFAULT="False" OPTIONAL="False" TYPENAME="String">
		</METHPARAM>
		<METHPARAM NAME="bBeginGroup" DEFAULT="False" OPTIONAL="False" TYPENAME="Boolean">
		</METHPARAM>
		<METHPARAM NAME="bNextBeginGroup" DEFAULT="False" OPTIONAL="False" TYPENAME="Boolean">
		</METHPARAM>
	</METHOD>
	<METHOD NAME="AddButton" CHECKED="True" SYSID="6DFB3844-DBE8-4102B3827D00B9E753FB">
		<METHPARAM NAME="mcb" DEFAULT="False" OPTIONAL="False" TYPENAME="_CommandBarButton">
		</METHPARAM>
		<METHPARAM NAME="sMenu" DEFAULT="False" OPTIONAL="False" TYPENAME="String">
		</METHPARAM>
		<METHPARAM NAME="nBefore" DEFAULT="False" OPTIONAL="False" TYPENAME="Long">
		</METHPARAM>
		<METHPARAM NAME="sCaption" DEFAULT="False" OPTIONAL="False" TYPENAME="String">
		</METHPARAM>
		<METHPARAM NAME="nButtonFace" DEFAULT="False" OPTIONAL="False" TYPENAME="Long">
		</METHPARAM>
		<METHPARAM NAME="bBeginGroup" DEFAULT="False" OPTIONAL="False" TYPENAME="Boolean">
		</METHPARAM>
		<METHPARAM NAME="bNextBeginGroup" DEFAULT="False" OPTIONAL="False" TYPENAME="Boolean">
		</METHPARAM>
	</METHOD>
	<METHOD NAME="DeleteCurrentTextSelection" CHECKED="True" SYSID="0C261452-2D9F-4E8FB4005FE44932FE44">
	</METHOD>
	<METHOD NAME="DetermineFirstLineInSelection" CHECKED="True" SYSID="F36425C3-6BA2-41649B4223A7C2F0617D">
	</METHOD>
	<METHOD NAME="DetermineLastLineInSelection" CHECKED="True" SYSID="FB52475B-2177-4DF58061437DD9C13D77">
	</METHOD>
	<METHOD NAME="DoInsertion" CHECKED="True" SYSID="88807B60-B615-4EA68DF6EE273BF9DEF5">
		<METHPARAM NAME="asaV" DEFAULT="False" OPTIONAL="False" TYPENAME="_CAssocArray">
		</METHPARAM>
		<METHPARAM NAME="sTemplateToInsert" DEFAULT="False" OPTIONAL="False" TYPENAME="String">
		</METHPARAM>
		<METHPARAM NAME="bSkipDeclarations" DEFAULT="True" DEFAULTVALUE="False" OPTIONAL="False" TYPENAME="Boolean">
		</METHPARAM>
	</METHOD>
	<METHOD NAME="FillTemplateWithUserInput" CHECKED="True" SYSID="F3320164-AA36-4A4388486DFF04FBCC73">
		<METHPARAM NAME="asaX" DEFAULT="False" OPTIONAL="False" TYPENAME="_CAssocArray">
		</METHPARAM>
		<METHPARAM NAME="sToParse" DEFAULT="False" OPTIONAL="False" TYPENAME="String">
		</METHPARAM>
		<METHPARAM NAME="sCodeToInsert" DEFAULT="False" OPTIONAL="False" TYPENAME="String">
		</METHPARAM>
		<METHPARAM NAME="sMsgBoxTitle" DEFAULT="False" OPTIONAL="False" TYPENAME="String">
		</METHPARAM>
	</METHOD>
	<METHOD NAME="FindLastProcLine" CHECKED="True" SYSID="D29A12D6-9CD7-4DA9BBF2713994C1F92D">
		<METHPARAM NAME="sProcName" DEFAULT="False" OPTIONAL="False" TYPENAME="String">
		</METHPARAM>
		<METHPARAM NAME="lProcType" DEFAULT="False" OPTIONAL="False" TYPENAME="Long">
		</METHPARAM>
	</METHOD>
	<METHOD NAME="GetCategoryAndName" CHECKED="True" SYSID="50D864E6-9028-4C73858D8837DB61DE79">
		<METHPARAM NAME="sCategoryAndName" DEFAULT="False" OPTIONAL="False" TYPENAME="String">
		</METHPARAM>
		<METHPARAM NAME="sCategory" DEFAULT="False" OPTIONAL="False" TYPENAME="String">
		</METHPARAM>
		<METHPARAM NAME="sShortName" DEFAULT="False" OPTIONAL="False" TYPENAME="String">
		</METHPARAM>
	</METHOD>
	<METHOD NAME="GetCurrentTextSelection" CHECKED="True" SYSID="35EA80F2-54D9-47BB8F005ED511A98FFA">
	</METHOD>
	<METHOD NAME="GetProcAtLine" CHECKED="True" SYSID="8E63CBBA-03B8-475F842D75E361E6A021">
		<METHPARAM NAME="lCurrentLine" DEFAULT="False" OPTIONAL="False" TYPENAME="Long">
		</METHPARAM>
		<METHPARAM NAME="sProcName" DEFAULT="False" OPTIONAL="False" TYPENAME="String">
		</METHPARAM>
		<METHPARAM NAME="lProcType" DEFAULT="False" OPTIONAL="False" TYPENAME="Long">
		</METHPARAM>
	</METHOD>
	<METHOD NAME="InsertTemplate" CHECKED="True" SYSID="C1DE30A2-8D63-47269400B8C1E2A74130">
		<METHPARAM NAME="sToParseIn" DEFAULT="False" OPTIONAL="False" TYPENAME="String">
		</METHPARAM>
		<METHPARAM NAME="lLineIn" DEFAULT="True" DEFAULTVALUE="1" OPTIONAL="False" TYPENAME="Long">
		</METHPARAM>
		<METHPARAM NAME="SoftVars" DEFAULT="False" OPTIONAL="False" TYPENAME="_CAssocArray">
		</METHPARAM>
		<METHPARAM NAME="sTemplateName" DEFAULT="True" DEFAULTVALUE="Slice and Dice" OPTIONAL="False" TYPENAME="String">
		</METHPARAM>
		<METHPARAM NAME="sExternalFilename" DEFAULT="True" DEFAULTVALUE="" OPTIONAL="False" TYPENAME="String">
		</METHPARAM>
	</METHOD>
	<METHOD NAME="sChooseDatabase" CHECKED="True" SYSID="6E8DA9C0-FE2B-4851879CA0B3CAB4AC57">
		<METHPARAM NAME="sPath" DEFAULT="False" OPTIONAL="False" TYPENAME="String">
		</METHPARAM>
		<METHPARAM NAME="sFilename" DEFAULT="False" OPTIONAL="False" TYPENAME="String">
		</METHPARAM>
	</METHOD>
	<METHOD NAME="sPropertyType" CHECKED="True" SYSID="88719441-DB07-47ED86A36BDBD5C508E1">
		<METHPARAM NAME="sFieldType" DEFAULT="False" OPTIONAL="False" TYPENAME="String">
		</METHPARAM>
	</METHOD>
	<METHOD NAME="SaveToFile" CHECKED="True" SYSID="089C7EE8-E6DC-46E1A8FA75608DDEB8B7">
		<METHPARAM NAME="sFilename" DEFAULT="False" OPTIONAL="False" TYPENAME="String">
		</METHPARAM>
		<METHPARAM NAME="sContents" DEFAULT="False" OPTIONAL="False" TYPENAME="String">
		</METHPARAM>
	</METHOD>
	<METHOD NAME="BrowseTo" CHECKED="True" SYSID="0C35095B-1755-4AACAA50953D0012D799">
		<METHPARAM NAME="sURL" DEFAULT="False" OPTIONAL="False" TYPENAME="String">
		</METHPARAM>
	</METHOD>
	<METHOD NAME="OnConnection" CHECKED="True" SYSID="67DC4A30-B869-436CA45694D0A7C5D3D">
		<HELPSTRING>Called by the development environment on addin connection.</HELPSTRING>
		<METHPARAM NAME="VBInst" DEFAULT="False" OPTIONAL="False" TYPENAME="Object">
		</METHPARAM>
		<METHPARAM NAME="ConnectMode" DEFAULT="False" OPTIONAL="False" TYPENAME="vbext_ConnectMode">
		</METHPARAM>
		<METHPARAM NAME="AddInInst" DEFAULT="False" OPTIONAL="False" TYPENAME="AddIn">
		</METHPARAM>
		<METHPARAM NAME="custom" DEFAULT="False" OPTIONAL="False" TYPENAME="Variant()">
		</METHPARAM>
	</METHOD>
	<METHOD NAME="OnDisconnection" CHECKED="True" SYSID="3078A9E2-B1C8-404F893FB8A29DD971A3">
		<HELPSTRING>Called by the development environment on addin disconnection.</HELPSTRING>
		<METHPARAM NAME="RemoveMode" DEFAULT="False" OPTIONAL="False" TYPENAME="vbext_DisconnectMode">
		</METHPARAM>
		<METHPARAM NAME="custom" DEFAULT="False" OPTIONAL="False" TYPENAME="Variant()">
		</METHPARAM>
	</METHOD>
	<METHOD NAME="OnAddInsUpdate" CHECKED="True" SYSID="6121D285-1CDA-44D087DBD4E4785461DB">
		<HELPSTRING>Called by the development environment when the Addins collection is updated.</HELPSTRING>
		<METHPARAM NAME="custom" DEFAULT="False" OPTIONAL="False" TYPENAME="Variant()">
		</METHPARAM>
	</METHOD>
	<METHOD NAME="OnStartupComplete" CHECKED="True" SYSID="93507FDF-D5DA-4E9E8E97414410944C84">
		<HELPSTRING>Called by the development environment when the development environment startup is complete.</HELPSTRING>
		<METHPARAM NAME="custom" DEFAULT="False" OPTIONAL="False" TYPENAME="Variant()">
		</METHPARAM>
	</METHOD>
	<PROPERTY NAME="TemplateDatabaseName" CHECKED="True" SYSID="DA531627-0E8E-4B7F9B00A83F27429578" TYPENAME="String" ENUMTYPE="2">
	</PROPERTY>
	<PROPERTY NAME="TemplateDatabasePath" CHECKED="True" SYSID="4451B0F5-2FE6-4BC4806928032EA783E9" TYPENAME="String" ENUMTYPE="2">
	</PROPERTY>
	<PROPERTY NAME="Version" CHECKED="True" SYSID="453871B9-11ED-4A36A0000773ED00F987" TYPENAME="String" ENUMTYPE="2">
	</PROPERTY>
	<PROPERTY NAME="InternalCurrentTemplate" CHECKED="True" SYSID="74E047C8-259E-4FDDB700439FAE401768" TYPENAME="_CTemplate" ENUMTYPE="2">
	</PROPERTY>
	<PROPERTY NAME="CurrentTemplate" CHECKED="True" SYSID="DC31E41B-86AE-436F93CEB000937B2F92" TYPENAME="_CTemplate" ENUMTYPE="2">
	</PROPERTY>
	<PROPERTY NAME="SliceAndDice" CHECKED="True" SYSID="74C22EA0-0454-4D95AA862130AB404BF" TYPENAME="_CSliceAndDice" ENUMTYPE="2">
	</PROPERTY>
	<PROPERTY NAME="SandyWindow" CHECKED="True" SYSID="E58C668D-27C6-446ABBA8002468A07EC" TYPENAME="Object" ENUMTYPE="2">
	</PROPERTY>
	<PROPERTY NAME="CurrentTemplateNameAndCategory" CHECKED="True" SYSID="3C080810-921E-4FF899C2EAC5A95F3378" TYPENAME="String" ENUMTYPE="2">
	</PROPERTY>
	<PROPERTY NAME="SoftCommands" CHECKED="True" SYSID="0DF5995F-4779-444885D4B5919E7205A9" TYPENAME="_CSadCommands" ENUMTYPE="2">
	</PROPERTY>
</COCLASS>
<COCLASS NAME="CAssocArray" SYSID="FEB10B14-5782-4FD8BE349B0205813851" CHECKED="True">
	<HELPSTRING>Sandy - Associative Array</HELPSTRING>
	<METHOD NAME="Clear" CHECKED="True" SYSID="C4971795-65B2-4796BDFCBE5FD1541CF">
		<METHPARAM NAME="bRecreateCollection" DEFAULT="True" DEFAULTVALUE="True" OPTIONAL="False" TYPENAME="Boolean">
		</METHPARAM>
	</METHOD>
	<METHOD NAME="Add" CHECKED="True" SYSID="E539F228-06B5-4FD200F3E2E5EE00202C">
		<METHPARAM NAME="Key" DEFAULT="False" OPTIONAL="False" TYPENAME="String">
		</METHPARAM>
		<METHPARAM NAME="Value" DEFAULT="False" OPTIONAL="False" TYPENAME="String">
		</METHPARAM>
	</METHOD>
	<METHOD NAME="Column" CHECKED="True" SYSID="99D5454C-CA23-483C8C00D0149E00B2D8">
		<METHPARAM NAME="lColumn" DEFAULT="True" DEFAULTVALUE="0" OPTIONAL="False" TYPENAME="Long">
		</METHPARAM>
	</METHOD>
	<METHOD NAME="FillList" CHECKED="True" SYSID="E479F8A2-BBD4-463384FDCD09F880CBAB">
		<METHPARAM NAME="lstCtrl" DEFAULT="False" OPTIONAL="False" TYPENAME="Object">
		</METHPARAM>
	</METHOD>
	<METHOD NAME="FindKey" CHECKED="True" SYSID="71636349-07A9-428CB000C2F21D360400">
		<METHPARAM NAME="sValue" DEFAULT="False" OPTIONAL="False" TYPENAME="String">
		</METHPARAM>
	</METHOD>
	<METHOD NAME="Load" CHECKED="True" SYSID="8AF4C60E-6D62-435EA710EEA93490F817">
		<METHPARAM NAME="sFilename" DEFAULT="False" OPTIONAL="False" TYPENAME="String">
		</METHPARAM>
	</METHOD>
	<METHOD NAME="Remove" CHECKED="True" SYSID="B08ACC3D-D732-4277B5225586B58F574">
		<METHPARAM NAME="vntIndexKey" DEFAULT="False" OPTIONAL="False" TYPENAME="Variant">
		</METHPARAM>
	</METHOD>
	<METHOD NAME="Save" CHECKED="True" SYSID="6676CFC6-ACAE-4A2C8751C40008E560B6">
		<METHPARAM NAME="sFilename" DEFAULT="False" OPTIONAL="False" TYPENAME="String">
		</METHPARAM>
	</METHOD>
	<METHOD NAME="OrderedMultiAdd" CHECKED="True" SYSID="FEB031F4-E899-40ABA0041D00FF00BAA4">
		<METHPARAM NAME="sAllKeyValues" DEFAULT="False" OPTIONAL="False" TYPENAME="String">
		</METHPARAM>
		<METHPARAM NAME="bClearFirst" DEFAULT="True" DEFAULTVALUE="True" OPTIONAL="False" TYPENAME="Boolean">
		</METHPARAM>
	</METHOD>
	<METHOD NAME="TreeToAll" CHECKED="True" SYSID="98C5A01F-2E44-4F84BC216674130002C3">
		<METHPARAM NAME="tvwToGet" DEFAULT="False" OPTIONAL="False" TYPENAME="Object">
		</METHPARAM>
	</METHOD>
	<METHOD NAME="FillTreeNode" CHECKED="True" SYSID="98991CBD-8219-40CE9DE88DDD59EC10F5">
		<METHPARAM NAME="tvwToFill" DEFAULT="False" OPTIONAL="False" TYPENAME="Object">
		</METHPARAM>
		<METHPARAM NAME="nodCur" DEFAULT="False" OPTIONAL="False" TYPENAME="Object">
		</METHPARAM>
		<METHPARAM NAME="sImage" DEFAULT="False" OPTIONAL="False" TYPENAME="String">
		</METHPARAM>
		<METHPARAM NAME="bExpanded" DEFAULT="False" OPTIONAL="False" TYPENAME="Boolean">
		</METHPARAM>
	</METHOD>
	<PROPERTY NAME="mCol" CHECKED="True" SYSID="B4E67017-8C0E-43EB8020C0383AA4E7B" TYPENAME="_Collection" ENUMTYPE="2">
	</PROPERTY>
	<PROPERTY NAME="mCol" CHECKED="True" SYSID="37798F20-3D0E-4254B898E203ACABD5D5" TYPENAME="_Collection" ENUMTYPE="8">
	</PROPERTY>
	<PROPERTY NAME="FieldDelimiter" CHECKED="True" SYSID="495EB3BC-7FC3-4787846419A6F366D018" TYPENAME="String" ENUMTYPE="2">
	</PROPERTY>
	<PROPERTY NAME="FieldDelimiter" CHECKED="True" SYSID="FBE20A46-D22B-4287BB3095971EF09F24" TYPENAME="String" ENUMTYPE="4">
	</PROPERTY>
	<PROPERTY NAME="ItemDelimiter" CHECKED="True" SYSID="1A667238-4FD7-4A6C8310F64B5900937D" TYPENAME="String" ENUMTYPE="2">
	</PROPERTY>
	<PROPERTY NAME="ItemDelimiter" CHECKED="True" SYSID="A7BE7EA8-5738-4C60B8E092BB93399900" TYPENAME="String" ENUMTYPE="4">
	</PROPERTY>
	<PROPERTY NAME="KeyValueDelimiter" CHECKED="True" SYSID="ADFF67A5-61A8-49AAB27EDE67E417C201" TYPENAME="String" ENUMTYPE="2">
	</PROPERTY>
	<PROPERTY NAME="KeyValueDelimiter" CHECKED="True" SYSID="AAC18785-D9A7-4D9F9F24CA75B7AEA1AA" TYPENAME="String" ENUMTYPE="4">
	</PROPERTY>
	<PROPERTY NAME="IconDelimiter" CHECKED="True" SYSID="5880AD64-E1C8-4C98000314A64E5B24CF" TYPENAME="String" ENUMTYPE="2">
	</PROPERTY>
	<PROPERTY NAME="IconDelimiter" CHECKED="True" SYSID="3DE87C1D-772D-40688B974C23B4A5A5C6" TYPENAME="String" ENUMTYPE="4">
	</PROPERTY>
	<PROPERTY NAME="TagDelimiter" CHECKED="True" SYSID="71841B5C-39D3-442D8B984DE367D54B37" TYPENAME="String" ENUMTYPE="2">
	</PROPERTY>
	<PROPERTY NAME="TagDelimiter" CHECKED="True" SYSID="320AFAE7-85E8-443CB3F4540060009020" TYPENAME="String" ENUMTYPE="4">
	</PROPERTY>
	<PROPERTY NAME="ChildDelimiter" CHECKED="True" SYSID="EAD08DF7-921E-491C93632B99CD01BAC8" TYPENAME="String" ENUMTYPE="2">
	</PROPERTY>
	<PROPERTY NAME="ChildDelimiter" CHECKED="True" SYSID="2C38917B-D845-417EB5BF3460AA6200BB" TYPENAME="String" ENUMTYPE="4">
	</PROPERTY>
	<PROPERTY NAME="EndChildDelimiter" CHECKED="True" SYSID="B5E265E9-9D94-4D579472E5AE4F4DB12C" TYPENAME="String" ENUMTYPE="2">
	</PROPERTY>
	<PROPERTY NAME="EndChildDelimiter" CHECKED="True" SYSID="9D691AC6-BE70-4AF1004BF447D89EF7C" TYPENAME="String" ENUMTYPE="4">
	</PROPERTY>
	<PROPERTY NAME="Section" CHECKED="True" SYSID="9EF8FCC6-09E6-4EA492BFFD025600E72C" TYPENAME="String" ENUMTYPE="2">
	</PROPERTY>
	<PROPERTY NAME="Section" CHECKED="True" SYSID="55F69847-1D40-4D9E89AD8CAEBAEBCB6" TYPENAME="String" ENUMTYPE="4">
	</PROPERTY>
	<PROPERTY NAME="AddInOrder" CHECKED="True" SYSID="EC6DAA25-F69F-4B748DA39E26D00CD46" TYPENAME="Boolean" ENUMTYPE="2">
	</PROPERTY>
	<PROPERTY NAME="AddInOrder" CHECKED="True" SYSID="EB4540F5-719A-4819B0DD32BE005D1796" TYPENAME="Boolean" ENUMTYPE="4">
	</PROPERTY>
	<PROPERTY NAME="All" CHECKED="True" SYSID="22E7D389-1F4C-495789CB6BE99F3A567" TYPENAME="String" ENUMTYPE="2">
	</PROPERTY>
	<PROPERTY NAME="Item" CHECKED="True" SYSID="83F6519E-47B9-42E390CFAD77124E2DB1" TYPENAME="_CAssocItem" ENUMTYPE="2">
	</PROPERTY>
	<PROPERTY NAME="Count" CHECKED="True" SYSID="16970D7B-2A5B-4CC49F8EBC4482B06235" TYPENAME="Long" ENUMTYPE="2">
	</PROPERTY>
	<PROPERTY NAME="NewEnum" CHECKED="True" SYSID="B1FF4DF6-B90C-4284AFA81B77F5F19A5" TYPENAME="IUnknown" ENUMTYPE="2">
	</PROPERTY>
	<PROPERTY NAME="All" CHECKED="True" SYSID="875BF470-05A5-43EC9566CA731C2782DF" TYPENAME="String" ENUMTYPE="4">
	</PROPERTY>
</COCLASS>
<COCLASS NAME="CAssocItem" SYSID="417D0BD3-F706-4FFEA06E3C016112B339" CHECKED="True">
	<HELPSTRING>Sandy - Associative Array Item</HELPSTRING>
	<PROPERTY NAME="Key" CHECKED="True" SYSID="0EE5D368-28F3-4A33A12797E54436677F" TYPENAME="String" ENUMTYPE="2">
	</PROPERTY>
	<PROPERTY NAME="Key" CHECKED="True" SYSID="DE1703AD-62E4-433F951953B9B42246D1" TYPENAME="String" ENUMTYPE="4">
	</PROPERTY>
	<PROPERTY NAME="Value" CHECKED="True" SYSID="06973D04-6B90-4353BD890000320029CD" TYPENAME="String" ENUMTYPE="2">
	</PROPERTY>
	<PROPERTY NAME="Value" CHECKED="True" SYSID="F7B4C0AF-85F6-44B8A7667B7DAB00CFE8" TYPENAME="String" ENUMTYPE="4">
	</PROPERTY>
</COCLASS>
<COCLASS NAME="CSliceAndDice" SYSID="CE819D13-6C12-47F69194125D1D003E69" CHECKED="True">
	<HELPSTRING>Sandy - MDB Object Hierarchy</HELPSTRING>
	<METHOD NAME="ApplyPatch" CHECKED="True" SYSID="3E29CE69-6AAA-4A9B98F79B68B0187556">
		<METHPARAM NAME="sFilename" DEFAULT="False" OPTIONAL="False" TYPENAME="String">
		</METHPARAM>
	</METHOD>
	<METHOD NAME="FindFirstTemplateContaining" CHECKED="True" SYSID="07A5B6FE-00F9-4A2198A505C8874722EE">
		<METHPARAM NAME="sToFind" DEFAULT="False" OPTIONAL="False" TYPENAME="String">
		</METHPARAM>
	</METHOD>
	<METHOD NAME="FindNextTemplate" CHECKED="True" SYSID="3BD37936-A4A3-41FD9C6C606F4EA342CD">
		<METHPARAM NAME="sToFind" DEFAULT="False" OPTIONAL="False" TYPENAME="String">
		</METHPARAM>
	</METHOD>
	<METHOD NAME="GenerateDeltaPatchFile" CHECKED="True" SYSID="5C4D9926-1EC8-4E759D4C6F1BC14F1611">
		<METHPARAM NAME="DeltaDate" DEFAULT="False" OPTIONAL="False" TYPENAME="Date">
		</METHPARAM>
		<METHPARAM NAME="sPatchFilename" DEFAULT="False" OPTIONAL="False" TYPENAME="String">
		</METHPARAM>
	</METHOD>
	<METHOD NAME="Load" CHECKED="True" SYSID="5A6CCBBD-6E59-4BD1B1C50052F5DC972B">
		<METHPARAM NAME="DatabaseName" DEFAULT="True" DEFAULTVALUE="SliceAndDice" OPTIONAL="False" TYPENAME="String">
		</METHPARAM>
		<METHPARAM NAME="bKeepConnectionOpen" DEFAULT="True" DEFAULTVALUE="True" OPTIONAL="False" TYPENAME="Boolean">
		</METHPARAM>
	</METHOD>
	<METHOD NAME="ReplaceInCategory" CHECKED="True" SYSID="EE2CAB4E-1387-4D45A09C3B8F4ED0EE80">
		<METHPARAM NAME="sCategory" DEFAULT="False" OPTIONAL="False" TYPENAME="String">
		</METHPARAM>
		<METHPARAM NAME="sToFind" DEFAULT="False" OPTIONAL="False" TYPENAME="String">
		</METHPARAM>
		<METHPARAM NAME="sToReplace" DEFAULT="False" OPTIONAL="False" TYPENAME="String">
		</METHPARAM>
	</METHOD>
	<METHOD NAME="Save" CHECKED="True" SYSID="28EE863F-DD47-49B6966B296E69BD5042">
		<METHPARAM NAME="DatabaseName" DEFAULT="True" DEFAULTVALUE="SliceAndDice" OPTIONAL="False" TYPENAME="String">
		</METHPARAM>
		<METHPARAM NAME="bKeepConnectionOpen" DEFAULT="True" DEFAULTVALUE="True" OPTIONAL="False" TYPENAME="Boolean">
		</METHPARAM>
	</METHOD>
	<METHOD NAME="sChoosePatch" CHECKED="True" SYSID="E33D771B-8A2A-4B08AB2E009C7B00E655">
		<METHPARAM NAME="Method" DEFAULT="False" OPTIONAL="False" TYPENAME="Integer">
		</METHPARAM>
	</METHOD>
	<PROPERTY NAME="Categorys" CHECKED="True" SYSID="1F09628B-790D-40A985A8D4D1C73DBED" TYPENAME="_CCategorys" ENUMTYPE="2">
	</PROPERTY>
	<PROPERTY NAME="Categorys" CHECKED="True" SYSID="BDBE42FE-AF66-4E05A41F4B2DC13FB88" TYPENAME="_CCategorys" ENUMTYPE="8">
	</PROPERTY>
	<PROPERTY NAME="LastFound" CHECKED="True" SYSID="E5FE84F5-E706-455783A61917DDE717EB" TYPENAME="_CCategory" ENUMTYPE="2">
	</PROPERTY>
	<PROPERTY NAME="LastFound" CHECKED="True" SYSID="E183CBAE-646A-4638B993C36FFF7FBB0" TYPENAME="_CCategory" ENUMTYPE="8">
	</PROPERTY>
	<PROPERTY NAME="ConnectionOpen" CHECKED="True" SYSID="8F8610E9-D5E5-43F29400E5D1E27272FD" TYPENAME="Boolean" ENUMTYPE="2">
	</PROPERTY>
	<PROPERTY NAME="ConnectionOpen" CHECKED="True" SYSID="8DF37DE3-91FA-4F20BE9B2BEDC273051B" TYPENAME="Boolean" ENUMTYPE="4">
	</PROPERTY>
	<PROPERTY NAME="db" CHECKED="True" SYSID="A05B6E11-7D57-4C05B2000635AAE8EA48" TYPENAME="Database" ENUMTYPE="2">
	</PROPERTY>
	<PROPERTY NAME="db" CHECKED="True" SYSID="6C9F2E5D-6F41-482F00E573FB2F5B9747" TYPENAME="Database" ENUMTYPE="8">
	</PROPERTY>
</COCLASS>
<COCLASS NAME="CCategorys" SYSID="4368A066-58C5-4D7EB141D23098B7721E" CHECKED="True">
	<HELPSTRING>Sandy - Category Collection</HELPSTRING>
	<METHOD NAME="Find" CHECKED="True" SYSID="E8AD53BF-C9F3-4D41B95B8800B9D257BA">
		<METHPARAM NAME="sToFind" DEFAULT="False" OPTIONAL="False" TYPENAME="String">
		</METHPARAM>
		<METHPARAM NAME="sLocationToStart" DEFAULT="False" OPTIONAL="False" TYPENAME="String">
		</METHPARAM>
		<METHPARAM NAME="lAreaToStartSearchAt" DEFAULT="False" OPTIONAL="False" TYPENAME="Long">
		</METHPARAM>
		<METHPARAM NAME="lByteToStartAt" DEFAULT="False" OPTIONAL="False" TYPENAME="Long">
		</METHPARAM>
	</METHOD>
	<METHOD NAME="Choose" CHECKED="True" SYSID="69C9CB91-156E-4C8AB6FE66F4C2174E48">
		<METHPARAM NAME="CategoryType" DEFAULT="True" DEFAULTVALUE="-1" OPTIONAL="False" TYPENAME="Long">
		</METHPARAM>
	</METHOD>
	<METHOD NAME="FillList" CHECKED="True" SYSID="A86B4A39-B748-4309BD54B17FC08048C9">
		<METHPARAM NAME="lstCtrl" DEFAULT="False" OPTIONAL="False" TYPENAME="Object">
		</METHPARAM>
		<METHPARAM NAME="CategoryType" DEFAULT="True" DEFAULTVALUE="-1" OPTIONAL="False" TYPENAME="Long">
		</METHPARAM>
	</METHOD>
	<METHOD NAME="Replace" CHECKED="True" SYSID="AD7F9B5E-EEF5-40629588E3F0DB43FCEB">
		<METHPARAM NAME="sToFind" DEFAULT="False" OPTIONAL="False" TYPENAME="String">
		</METHPARAM>
		<METHPARAM NAME="sToReplace" DEFAULT="False" OPTIONAL="False" TYPENAME="String">
		</METHPARAM>
	</METHOD>
	<METHOD NAME="SaveAll" CHECKED="True" SYSID="F38EC08C-FF75-4EDCA0B8D461FED40018">
		<METHPARAM NAME="db" DEFAULT="False" OPTIONAL="False" TYPENAME="Database">
		</METHPARAM>
	</METHOD>
	<METHOD NAME="GetAll" CHECKED="True" SYSID="34267309-0C3A-4DDB82EDFDA4AB2FEF60">
		<METHPARAM NAME="db" DEFAULT="False" OPTIONAL="False" TYPENAME="Database">
		</METHPARAM>
	</METHOD>
	<METHOD NAME="Clear" CHECKED="True" SYSID="A62D47F9-EE84-49BA95E0D68816E0EA26">
	</METHOD>
	<METHOD NAME="Add" CHECKED="True" SYSID="314570AA-1623-4AFB9236AC826E77FCBA">
		<METHPARAM NAME="Key" DEFAULT="False" OPTIONAL="False" TYPENAME="String">
		</METHPARAM>
		<METHPARAM NAME="ID" DEFAULT="True" DEFAULTVALUE="-1" OPTIONAL="False" TYPENAME="Long">
		</METHPARAM>
		<METHPARAM NAME="sCategoryToCopy" DEFAULT="False" OPTIONAL="False" TYPENAME="String">
		</METHPARAM>
		<METHPARAM NAME="bCopyInformation" DEFAULT="True" DEFAULTVALUE="True" OPTIONAL="False" TYPENAME="Boolean">
		</METHPARAM>
	</METHOD>
	<METHOD NAME="Remove" CHECKED="True" SYSID="2ADB0DEA-9044-4D3D8C1993351771C5B8">
		<METHPARAM NAME="vntIndexKey" DEFAULT="False" OPTIONAL="False" TYPENAME="Variant">
		</METHPARAM>
	</METHOD>
	<METHOD NAME="LoadChildren" CHECKED="True" SYSID="CF8FA104-E386-44A6ADEBDD0096F2F856">
		<METHPARAM NAME="db" DEFAULT="False" OPTIONAL="False" TYPENAME="Database">
		</METHPARAM>
		<METHPARAM NAME="objSetToLoad" DEFAULT="False" OPTIONAL="False" TYPENAME="_CCategory">
		</METHPARAM>
	</METHOD>
	<METHOD NAME="SaveChildren" CHECKED="True" SYSID="60D565CB-787A-4667AD00733BDF2CC578">
		<METHPARAM NAME="db" DEFAULT="False" OPTIONAL="False" TYPENAME="Database">
		</METHPARAM>
		<METHPARAM NAME="objSetToSave" DEFAULT="False" OPTIONAL="False" TYPENAME="_CCategory">
		</METHPARAM>
	</METHOD>
	<PROPERTY NAME="MyParent" CHECKED="True" SYSID="266CC433-A4B7-43FBAB84F7D1DEECDD0" TYPENAME="_CSliceAndDice" ENUMTYPE="2">
	</PROPERTY>
	<PROPERTY NAME="MyParent" CHECKED="True" SYSID="AC168923-51DA-4F8C968FBB36C3BDE6DC" TYPENAME="_CSliceAndDice" ENUMTYPE="8">
	</PROPERTY>
	<PROPERTY NAME="ItemByLongTemplateName" CHECKED="True" SYSID="F84B9991-B97A-427CBCF130D32F8EDEC0" TYPENAME="_CTemplate" ENUMTYPE="2">
	</PROPERTY>
	<PROPERTY NAME="AllKeys" CHECKED="True" SYSID="0B9F0FF1-C397-40B3A345EBED07D1E15F" TYPENAME="String" ENUMTYPE="2">
	</PROPERTY>
	<PROPERTY NAME="Item" CHECKED="True" SYSID="68AF5E58-42CC-432CA03D00A7C3A4E6DA" TYPENAME="_CCategory" ENUMTYPE="2">
	</PROPERTY>
	<PROPERTY NAME="Count" CHECKED="True" SYSID="6AEE73CE-158A-48E695CF3331389CFE6E" TYPENAME="Long" ENUMTYPE="2">
	</PROPERTY>
	<PROPERTY NAME="NewEnum" CHECKED="True" SYSID="69500110-E60F-438EB677F879FF008172" TYPENAME="IUnknown" ENUMTYPE="2">
	</PROPERTY>
	<PROPERTY NAME="MyType" CHECKED="True" SYSID="3B13925C-8F88-4A038E7306AADAAD6CA3" TYPENAME="String" ENUMTYPE="2">
	</PROPERTY>
</COCLASS>
<COCLASS NAME="CCategory" SYSID="FE150B06-3F94-4BB388009FF000003CB4" CHECKED="True">
	<HELPSTRING>Sandy - Category</HELPSTRING>
	<METHOD NAME="Replace" CHECKED="True" SYSID="F149426B-B8D5-4F7FA4DF5799FA008269">
		<METHPARAM NAME="sToFind" DEFAULT="False" OPTIONAL="False" TYPENAME="String">
		</METHPARAM>
		<METHPARAM NAME="sToReplace" DEFAULT="False" OPTIONAL="False" TYPENAME="String">
		</METHPARAM>
	</METHOD>
	<METHOD NAME="Duplicate" CHECKED="True" SYSID="87F84A2E-E94E-46A89B052877941FEDF0">
		<METHPARAM NAME="ItemToFill" DEFAULT="False" OPTIONAL="False" TYPENAME="_CCategory">
		</METHPARAM>
		<METHPARAM NAME="bCopyInformation" DEFAULT="True" DEFAULTVALUE="True" OPTIONAL="False" TYPENAME="Boolean">
		</METHPARAM>
	</METHOD>
	<METHOD NAME="Find" CHECKED="True" SYSID="B1F06E1C-5892-44D2A68DF6008D00FAF5">
		<METHPARAM NAME="sToFind" DEFAULT="False" OPTIONAL="False" TYPENAME="String">
		</METHPARAM>
		<METHPARAM NAME="sLocationToStart" DEFAULT="False" OPTIONAL="False" TYPENAME="String">
		</METHPARAM>
		<METHPARAM NAME="lAreaToStartSearch" DEFAULT="False" OPTIONAL="False" TYPENAME="Long">
		</METHPARAM>
		<METHPARAM NAME="lByteToStartAt" DEFAULT="False" OPTIONAL="False" TYPENAME="Long">
		</METHPARAM>
	</METHOD>
	<METHOD NAME="LoadProperties" CHECKED="True" SYSID="450047C7-3234-42498985179805882D2D">
		<METHPARAM NAME="rs" DEFAULT="False" OPTIONAL="False" TYPENAME="Recordset">
		</METHPARAM>
	</METHOD>
	<METHOD NAME="SaveProperties" CHECKED="True" SYSID="F4760DA1-5026-4A38AC9E59BA00CD0030">
		<METHPARAM NAME="rs" DEFAULT="False" OPTIONAL="False" TYPENAME="Recordset">
		</METHPARAM>
	</METHOD>
	<PROPERTY NAME="Templates" CHECKED="True" SYSID="AEDD329C-EF6F-42CC8CFB553C933E91A8" TYPENAME="_CTemplates" ENUMTYPE="2">
	</PROPERTY>
	<PROPERTY NAME="Templates" CHECKED="True" SYSID="77657553-0EBB-4EFEBF8F6C001CB325C9" TYPENAME="_CTemplates" ENUMTYPE="8">
	</PROPERTY>
	<PROPERTY NAME="MyParent" CHECKED="True" SYSID="A1719F9E-811E-430CB7A1BBBB3560B033" TYPENAME="_CCategorys" ENUMTYPE="2">
	</PROPERTY>
	<PROPERTY NAME="MyParent" CHECKED="True" SYSID="1C25857D-08FB-412687292396F735E674" TYPENAME="_CCategorys" ENUMTYPE="8">
	</PROPERTY>
	<PROPERTY NAME="Modified" CHECKED="True" SYSID="ECC00ACF-D3BA-444BA5D4C6108CA6B7D2" TYPENAME="Boolean" ENUMTYPE="2">
	</PROPERTY>
	<PROPERTY NAME="Modified" CHECKED="True" SYSID="52017A11-3042-4433848BF30500498100" TYPENAME="Boolean" ENUMTYPE="4">
	</PROPERTY>
	<PROPERTY NAME="Deleted" CHECKED="True" SYSID="88B11569-8E6F-4A12B663DF223C574B50" TYPENAME="Boolean" ENUMTYPE="2">
	</PROPERTY>
	<PROPERTY NAME="Deleted" CHECKED="True" SYSID="E03B8842-5E71-43DAB61D98005407A4C8" TYPENAME="Boolean" ENUMTYPE="4">
	</PROPERTY>
	<PROPERTY NAME="LastFound" CHECKED="True" SYSID="9B7AA864-452F-466D8041A7C6E846281D" TYPENAME="_CTemplate" ENUMTYPE="2">
	</PROPERTY>
	<PROPERTY NAME="LastFound" CHECKED="True" SYSID="7B6BE4FA-22ED-4514BC18BC833995FE6F" TYPENAME="_CTemplate" ENUMTYPE="8">
	</PROPERTY>
	<PROPERTY NAME="DateCreated" CHECKED="True" SYSID="5BC4B2E7-B48C-457A90BEC8B9BABC4F5" TYPENAME="Date" ENUMTYPE="2">
	</PROPERTY>
	<PROPERTY NAME="DateCreated" CHECKED="True" SYSID="1A08BCAA-D7E9-470F9FB35B2301DF1D66" TYPENAME="Date" ENUMTYPE="4">
	</PROPERTY>
	<PROPERTY NAME="DateModified" CHECKED="True" SYSID="F67A0880-B329-4266A1C9D0A4B7D93F26" TYPENAME="Date" ENUMTYPE="2">
	</PROPERTY>
	<PROPERTY NAME="DateModified" CHECKED="True" SYSID="D4F74562-F103-4FABAB5FBB3C24B20359" TYPENAME="Date" ENUMTYPE="4">
	</PROPERTY>
	<PROPERTY NAME="memoAttributes" CHECKED="True" SYSID="035D676D-F559-477894C95342B5F8E3E2" TYPENAME="String" ENUMTYPE="4">
	</PROPERTY>
	<PROPERTY NAME="memoAttributes" CHECKED="True" SYSID="287F705B-40DC-4F5DB04F9415F5F82ECB" TYPENAME="String" ENUMTYPE="2">
	</PROPERTY>
	<PROPERTY NAME="ID" CHECKED="True" SYSID="49BD3AF0-5571-42F985BFC270EC5951D7" TYPENAME="Long" ENUMTYPE="2">
	</PROPERTY>
	<PROPERTY NAME="ID" CHECKED="True" SYSID="B2CF939E-7196-4DD88800979B7CE2F834" TYPENAME="Long" ENUMTYPE="4">
	</PROPERTY>
	<PROPERTY NAME="Key" CHECKED="True" SYSID="153638A2-F124-49AF81B0EE8651100C2" TYPENAME="String" ENUMTYPE="2">
	</PROPERTY>
	<PROPERTY NAME="Key" CHECKED="True" SYSID="D31841D5-2F8C-4A518FE918C2282F9432" TYPENAME="String" ENUMTYPE="4">
	</PROPERTY>
	<PROPERTY NAME="MyType" CHECKED="True" SYSID="59B6C87C-68A9-4E5E91503283FE271717" TYPENAME="String" ENUMTYPE="2">
	</PROPERTY>
	<PROPERTY NAME="CategoryType" CHECKED="True" SYSID="5E7BFC6F-FA50-40E2A02970BDF68DD918" TYPENAME="Long" ENUMTYPE="2">
	</PROPERTY>
	<PROPERTY NAME="CategoryType" CHECKED="True" SYSID="35F3C9B2-5747-44FFA19C018EFE66054B" TYPENAME="Long" ENUMTYPE="4">
	</PROPERTY>
	<PROPERTY NAME="View" CHECKED="True" SYSID="483F57ED-E7D8-45F5B488C0656CE6B711" TYPENAME="Long" ENUMTYPE="2">
	</PROPERTY>
	<PROPERTY NAME="View" CHECKED="True" SYSID="E1765F8E-012D-4D41822C376D3E09B0A3" TYPENAME="Long" ENUMTYPE="4">
	</PROPERTY>
	<PROPERTY NAME="Arrange" CHECKED="True" SYSID="E65D7299-94CE-471F97DE5DE0E800CECF" TYPENAME="Long" ENUMTYPE="2">
	</PROPERTY>
	<PROPERTY NAME="Arrange" CHECKED="True" SYSID="9AE64EA8-84DA-4AA5AA74F5334F5F702D" TYPENAME="Long" ENUMTYPE="4">
	</PROPERTY>
</COCLASS>
<COCLASS NAME="CTemplates" SYSID="2F33F778-4C91-4050B46FF86DB1E48FA3" CHECKED="True">
	<HELPSTRING>Sandy - Template Collection</HELPSTRING>
	<METHOD NAME="Find" CHECKED="True" SYSID="8EBD2829-A02C-40F2A0AF6877A9ADD275">
		<METHPARAM NAME="sToFind" DEFAULT="False" OPTIONAL="False" TYPENAME="String">
		</METHPARAM>
		<METHPARAM NAME="sLocationToStart" DEFAULT="False" OPTIONAL="False" TYPENAME="String">
		</METHPARAM>
		<METHPARAM NAME="lAreaToStartSearchAt" DEFAULT="False" OPTIONAL="False" TYPENAME="Long">
		</METHPARAM>
		<METHPARAM NAME="lByteToStartAt" DEFAULT="False" OPTIONAL="False" TYPENAME="Long">
		</METHPARAM>
	</METHOD>
	<METHOD NAME="Duplicate" CHECKED="True" SYSID="1674FA42-246C-4638BB04C17608D71000">
		<METHPARAM NAME="bCopyInformation" DEFAULT="True" DEFAULTVALUE="True" OPTIONAL="False" TYPENAME="Boolean">
		</METHPARAM>
	</METHOD>
	<METHOD NAME="SaveAll" CHECKED="True" SYSID="1942A376-2B36-47AB87627EFC984FB084">
		<METHPARAM NAME="db" DEFAULT="False" OPTIONAL="False" TYPENAME="Database">
		</METHPARAM>
		<METHPARAM NAME="CategoryID" DEFAULT="False" OPTIONAL="False" TYPENAME="Long">
		</METHPARAM>
	</METHOD>
	<METHOD NAME="GetAll" CHECKED="True" SYSID="6BF730DD-D2D1-4C6D82B9950090B190C8">
		<METHPARAM NAME="db" DEFAULT="False" OPTIONAL="False" TYPENAME="Database">
		</METHPARAM>
		<METHPARAM NAME="CategoryID" DEFAULT="False" OPTIONAL="False" TYPENAME="Long">
		</METHPARAM>
		<METHPARAM NAME="CategoryName" DEFAULT="False" OPTIONAL="False" TYPENAME="String">
		</METHPARAM>
	</METHOD>
	<METHOD NAME="Clear" CHECKED="True" SYSID="201563A4-1B57-41AFB11DB49876022BFE">
	</METHOD>
	<METHOD NAME="Add" CHECKED="True" SYSID="D6585CB9-B93B-4CB6A3F3DB228F402300">
		<METHPARAM NAME="Key" DEFAULT="False" OPTIONAL="False" TYPENAME="String">
		</METHPARAM>
		<METHPARAM NAME="ID" DEFAULT="True" DEFAULTVALUE="-1" OPTIONAL="False" TYPENAME="Long">
		</METHPARAM>
		<METHPARAM NAME="sKey" DEFAULT="False" OPTIONAL="False" TYPENAME="String">
		</METHPARAM>
	</METHOD>
	<METHOD NAME="Choose" CHECKED="True" SYSID="F422225B-A18E-4090804135C9D04B893D">
	</METHOD>
	<METHOD NAME="Remove" CHECKED="True" SYSID="61174C5D-698F-4E83B246E5DC13291E00">
		<METHPARAM NAME="vntIndexKey" DEFAULT="False" OPTIONAL="False" TYPENAME="Variant">
		</METHPARAM>
	</METHOD>
	<PROPERTY NAME="MyParent" CHECKED="True" SYSID="A967F4F5-9924-4808B06FFBC65B705388" TYPENAME="_CCategory" ENUMTYPE="2">
	</PROPERTY>
	<PROPERTY NAME="MyParent" CHECKED="True" SYSID="70AC347C-9923-4CBA8861D5D2BF196FA8" TYPENAME="_CCategory" ENUMTYPE="8">
	</PROPERTY>
	<PROPERTY NAME="AllKeys" CHECKED="True" SYSID="5C94C70F-29AD-467A8D7DFBD3008D8DE" TYPENAME="String" ENUMTYPE="2">
	</PROPERTY>
	<PROPERTY NAME="Item" CHECKED="True" SYSID="F77F0D21-B044-4AAF8B7197D9AC7B82F1" TYPENAME="_CTemplate" ENUMTYPE="2">
	</PROPERTY>
	<PROPERTY NAME="Count" CHECKED="True" SYSID="8369B74E-EE6F-4E6A9DFCAD00A9009133" TYPENAME="Long" ENUMTYPE="2">
	</PROPERTY>
	<PROPERTY NAME="NewEnum" CHECKED="True" SYSID="FB35EED9-4A2C-41728163099D21B6E640" TYPENAME="IUnknown" ENUMTYPE="2">
	</PROPERTY>
	<PROPERTY NAME="MyType" CHECKED="True" SYSID="E5EB5568-82AE-4D57B8EE85DAF0A22829" TYPENAME="String" ENUMTYPE="2">
	</PROPERTY>
</COCLASS>
<COCLASS NAME="CTemplate" SYSID="E876DC4F-1718-4FC3B600D22E9C35C2B9" CHECKED="True">
	<HELPSTRING>Sandy - Template</HELPSTRING>
	<METHOD NAME="Duplicate" CHECKED="True" SYSID="C3CC568F-DD5D-4C7C00501458B8F8BF7">
		<METHPARAM NAME="ItemToDuplicate" DEFAULT="False" OPTIONAL="False" TYPENAME="_CTemplate">
		</METHPARAM>
	</METHOD>
	<METHOD NAME="Find" CHECKED="True" SYSID="58B93EA8-F625-4070A4E9E92902C3C6E1">
		<METHPARAM NAME="sToFind" DEFAULT="False" OPTIONAL="False" TYPENAME="String">
		</METHPARAM>
		<METHPARAM NAME="lAreaToStartSearch" DEFAULT="False" OPTIONAL="False" TYPENAME="Long">
		</METHPARAM>
		<METHPARAM NAME="lByteToStartAt" DEFAULT="False" OPTIONAL="False" TYPENAME="Long">
		</METHPARAM>
	</METHOD>
	<METHOD NAME="LoadProperties" CHECKED="True" SYSID="9F72A84A-7ECD-423B8FAC2462C1C06DC1">
		<METHPARAM NAME="rs" DEFAULT="False" OPTIONAL="False" TYPENAME="Recordset">
		</METHPARAM>
	</METHOD>
	<METHOD NAME="Replace" CHECKED="True" SYSID="A9D0CBC2-A086-4A21AEE6C16FDDDB67E3">
		<METHPARAM NAME="sToFind" DEFAULT="False" OPTIONAL="False" TYPENAME="String">
		</METHPARAM>
		<METHPARAM NAME="sToReplace" DEFAULT="False" OPTIONAL="False" TYPENAME="String">
		</METHPARAM>
	</METHOD>
	<METHOD NAME="SaveProperties" CHECKED="True" SYSID="336E5943-F79F-42539C7088F87787B5D3">
		<METHPARAM NAME="rs" DEFAULT="False" OPTIONAL="False" TYPENAME="Recordset">
		</METHPARAM>
	</METHOD>
	<PROPERTY NAME="MyParent" CHECKED="True" SYSID="711C4019-FB86-4D59B0DB4B26ADE71E82" TYPENAME="_CTemplates" ENUMTYPE="2">
	</PROPERTY>
	<PROPERTY NAME="MyParent" CHECKED="True" SYSID="67F1E3D6-1AE5-4CDF956700B0EF3FB04D" TYPENAME="_CTemplates" ENUMTYPE="8">
	</PROPERTY>
	<PROPERTY NAME="Modified" CHECKED="True" SYSID="A649C626-C04D-492D9009DB758FD42E00" TYPENAME="Boolean" ENUMTYPE="2">
	</PROPERTY>
	<PROPERTY NAME="Modified" CHECKED="True" SYSID="6F65A35D-B031-4584959BE98F4C1CEB2D" TYPENAME="Boolean" ENUMTYPE="4">
	</PROPERTY>
	<PROPERTY NAME="Deleted" CHECKED="True" SYSID="82966D7E-0502-43978385F2A135202295" TYPENAME="Boolean" ENUMTYPE="2">
	</PROPERTY>
	<PROPERTY NAME="Deleted" CHECKED="True" SYSID="F47FB693-80F2-4808B9D68F5A5FDD192" TYPENAME="Boolean" ENUMTYPE="4">
	</PROPERTY>
	<PROPERTY NAME="ParentKey" CHECKED="True" SYSID="F6D47458-A1B6-476C845FB504637341D4" TYPENAME="String" ENUMTYPE="2">
	</PROPERTY>
	<PROPERTY NAME="ParentKey" CHECKED="True" SYSID="ABF4F009-FB17-4933BB081E0050972136" TYPENAME="String" ENUMTYPE="4">
	</PROPERTY>
	<PROPERTY NAME="OriginalShortName" CHECKED="True" SYSID="15AE9A88-72DA-49059796F75FB1911B50" TYPENAME="String" ENUMTYPE="2">
	</PROPERTY>
	<PROPERTY NAME="OriginalShortName" CHECKED="True" SYSID="4E3CA193-B3BB-4C9583E65FED4DB7FBD" TYPENAME="String" ENUMTYPE="4">
	</PROPERTY>
	<PROPERTY NAME="Selected" CHECKED="True" SYSID="9CB93906-41E2-4698AAB4E882DE264338" TYPENAME="Boolean" ENUMTYPE="2">
	</PROPERTY>
	<PROPERTY NAME="Selected" CHECKED="True" SYSID="24E951AD-81C9-40CBB9E07CDD4D61CBE3" TYPENAME="Boolean" ENUMTYPE="4">
	</PROPERTY>
	<PROPERTY NAME="Revision" CHECKED="True" SYSID="EE153A3B-2ACC-4AF6ABC8001C6F280070" TYPENAME="Long" ENUMTYPE="2">
	</PROPERTY>
	<PROPERTY NAME="Revision" CHECKED="True" SYSID="BD88C4A0-FBD7-4673A81DD082BEC0E4C0" TYPENAME="Long" ENUMTYPE="4">
	</PROPERTY>
	<PROPERTY NAME="TimerInterval" CHECKED="True" SYSID="8A354B34-19FD-44F1A76F00DED721487E" TYPENAME="String" ENUMTYPE="2">
	</PROPERTY>
	<PROPERTY NAME="TimerInterval" CHECKED="True" SYSID="F93B0592-1843-405F9E80C57559DEBB19" TYPENAME="String" ENUMTYPE="4">
	</PROPERTY>
	<PROPERTY NAME="FoundInArea" CHECKED="True" SYSID="A55C6649-4FAD-42E88F9C0068A5FD53B3" TYPENAME="Long" ENUMTYPE="2">
	</PROPERTY>
	<PROPERTY NAME="FoundInArea" CHECKED="True" SYSID="B5428FDE-0BFB-43EFABD76766730042D9" TYPENAME="Long" ENUMTYPE="4">
	</PROPERTY>
	<PROPERTY NAME="FoundAtByte" CHECKED="True" SYSID="B9F54787-F890-49049E44C5BD6E6D8E24" TYPENAME="Long" ENUMTYPE="2">
	</PROPERTY>
	<PROPERTY NAME="FoundAtByte" CHECKED="True" SYSID="79E30111-2E09-4D7384B5F112D43BB3AD" TYPENAME="Long" ENUMTYPE="4">
	</PROPERTY>
	<PROPERTY NAME="DateCreated" CHECKED="True" SYSID="121CA36E-04E7-49CCA8BE1047E7AE1E98" TYPENAME="Date" ENUMTYPE="2">
	</PROPERTY>
	<PROPERTY NAME="DateCreated" CHECKED="True" SYSID="8EDDAE6F-D282-4565B0E9F93728A7C8E0" TYPENAME="Date" ENUMTYPE="4">
	</PROPERTY>
	<PROPERTY NAME="DateModified" CHECKED="True" SYSID="E4C8CB90-2AE8-448EA5EB6881CA38DA" TYPENAME="Date" ENUMTYPE="2">
	</PROPERTY>
	<PROPERTY NAME="DateModified" CHECKED="True" SYSID="ECB31040-F085-44EBAF1921DFE368BAA7" TYPENAME="Date" ENUMTYPE="4">
	</PROPERTY>
	<PROPERTY NAME="Favorite" CHECKED="True" SYSID="48F69086-B38D-4E83946688B02C82A42D" TYPENAME="Boolean" ENUMTYPE="4">
	</PROPERTY>
	<PROPERTY NAME="Favorite" CHECKED="True" SYSID="746AC201-DB19-424A81FBE798AB3DF4B2" TYPENAME="Boolean" ENUMTYPE="2">
	</PROPERTY>
	<PROPERTY NAME="ID" CHECKED="True" SYSID="98EC0106-F341-44DE0096C5899DB6100" TYPENAME="Long" ENUMTYPE="2">
	</PROPERTY>
	<PROPERTY NAME="ID" CHECKED="True" SYSID="C9269123-A4AC-4F2D8596D7BD800980FB" TYPENAME="Long" ENUMTYPE="4">
	</PROPERTY>
	<PROPERTY NAME="Key" CHECKED="True" SYSID="D79C2E1B-8CF6-44DB8204C357E39C4E44" TYPENAME="String" ENUMTYPE="2">
	</PROPERTY>
	<PROPERTY NAME="Key" CHECKED="True" SYSID="F1763C0B-BD77-4A879BAEF52E70E512E" TYPENAME="String" ENUMTYPE="4">
	</PROPERTY>
	<PROPERTY NAME="memoAttributes" CHECKED="True" SYSID="8AD6F4DB-D494-48EDB61FE2F7E8BA346D" TYPENAME="String" ENUMTYPE="2">
	</PROPERTY>
	<PROPERTY NAME="memoAttributes" CHECKED="True" SYSID="64F981EA-A1D2-4A00A823EF46D63EEBD" TYPENAME="String" ENUMTYPE="4">
	</PROPERTY>
	<PROPERTY NAME="MyType" CHECKED="True" SYSID="92EB8720-FF7C-463E8687AF4B679273A5" TYPENAME="String" ENUMTYPE="2">
	</PROPERTY>
	<PROPERTY NAME="Parent" CHECKED="True" SYSID="62C81BDC-1FE9-4EEE9360D69674BA96DB" TYPENAME="Long" ENUMTYPE="2">
	</PROPERTY>
	<PROPERTY NAME="Parent" CHECKED="True" SYSID="8C36199A-5D73-4E38A44CE53D00B81CF1" TYPENAME="Long" ENUMTYPE="4">
	</PROPERTY>
	<PROPERTY NAME="ShortTemplateName" CHECKED="True" SYSID="778CC5CF-4AE7-4393839FAEF671B574F" TYPENAME="String" ENUMTYPE="2">
	</PROPERTY>
	<PROPERTY NAME="ShortTemplateName" CHECKED="True" SYSID="86135AF9-372E-47CDBADB2FBC074B87DD" TYPENAME="String" ENUMTYPE="4">
	</PROPERTY>
	<PROPERTY NAME="FileName" CHECKED="True" SYSID="715B8B2A-7584-4BDD8F16E662107D54D6" TYPENAME="String" ENUMTYPE="2">
	</PROPERTY>
	<PROPERTY NAME="FileName" CHECKED="True" SYSID="61C9F9D3-ADC2-44BFB300A4B994749835" TYPENAME="String" ENUMTYPE="4">
	</PROPERTY>
	<PROPERTY NAME="Undeletable" CHECKED="True" SYSID="12A275BF-E15A-434AB56234F774BF008C" TYPENAME="Boolean" ENUMTYPE="2">
	</PROPERTY>
	<PROPERTY NAME="Undeletable" CHECKED="True" SYSID="4E1071D3-B41B-46D99BDB2B7637C03D07" TYPENAME="Boolean" ENUMTYPE="4">
	</PROPERTY>
	<PROPERTY NAME="Locked" CHECKED="True" SYSID="2A491A7D-C9F1-47D29FE24CB956578D92" TYPENAME="Boolean" ENUMTYPE="2">
	</PROPERTY>
	<PROPERTY NAME="Locked" CHECKED="True" SYSID="4DF23CF8-44FB-4F07996B3FAD6CF1AF29" TYPENAME="Boolean" ENUMTYPE="4">
	</PROPERTY>
	<PROPERTY NAME="IncludeInMenu" CHECKED="True" SYSID="3967509F-1073-44A086EBAEB58B722EFC" TYPENAME="Boolean" ENUMTYPE="2">
	</PROPERTY>
	<PROPERTY NAME="IncludeInMenu" CHECKED="True" SYSID="E17F8122-6E76-41FAA69D8275F8C93038" TYPENAME="Boolean" ENUMTYPE="4">
	</PROPERTY>
	<PROPERTY NAME="memoCodeAtCursor" CHECKED="True" SYSID="69F89307-41A1-4E48A496522BDC652DE" TYPENAME="String" ENUMTYPE="2">
	</PROPERTY>
	<PROPERTY NAME="memoCodeAtCursor" CHECKED="True" SYSID="27F4C4FA-5D43-4424A9956E324E10E041" TYPENAME="String" ENUMTYPE="4">
	</PROPERTY>
	<PROPERTY NAME="memoCodeAtTop" CHECKED="True" SYSID="C015D5A9-63B7-4C7A9193D472CA0028FD" TYPENAME="String" ENUMTYPE="2">
	</PROPERTY>
	<PROPERTY NAME="memoCodeAtTop" CHECKED="True" SYSID="1ED45528-98AA-440700881B00090080DF" TYPENAME="String" ENUMTYPE="4">
	</PROPERTY>
	<PROPERTY NAME="memoCodeAtBottom" CHECKED="True" SYSID="6B141490-1E2F-47D48F4C0000B0C850CD" TYPENAME="String" ENUMTYPE="2">
	</PROPERTY>
	<PROPERTY NAME="memoCodeAtBottom" CHECKED="True" SYSID="0BE73559-BFEF-423AB14DE00607D6FC72" TYPENAME="String" ENUMTYPE="4">
	</PROPERTY>
	<PROPERTY NAME="memoCodeToFile" CHECKED="True" SYSID="93FF848A-E61B-4EFF8F1679E16557AF02" TYPENAME="String" ENUMTYPE="2">
	</PROPERTY>
	<PROPERTY NAME="memoCodeToFile" CHECKED="True" SYSID="3A44EEF1-0E85-48F2B550B6424CAF5BFF" TYPENAME="String" ENUMTYPE="4">
	</PROPERTY>
</COCLASS>
<COCLASS NAME="CSadCommand" SYSID="C7513528-4D89-4D2286FDFAC1F2A550BB" CHECKED="True">
	<HELPSTRING>Sandy - Soft Command</HELPSTRING>
	<PROPERTY NAME="SoftCommandName" CHECKED="True" SYSID="10BEE6A0-950E-42CFA7F9E26C64C2D6A" TYPENAME="String" ENUMTYPE="2">
	</PROPERTY>
	<PROPERTY NAME="SoftCommandName" CHECKED="True" SYSID="4C05B91F-B1F0-49B787C0C23CC3BE21B5" TYPENAME="String" ENUMTYPE="4">
	</PROPERTY>
	<PROPERTY NAME="Aliases" CHECKED="True" SYSID="0FC11E9F-1971-40B6A300CAFF21F696DA" TYPENAME="String" ENUMTYPE="2">
	</PROPERTY>
	<PROPERTY NAME="Aliases" CHECKED="True" SYSID="523A9D99-F61C-430195A8AD7B66F7006F" TYPENAME="String" ENUMTYPE="4">
	</PROPERTY>
	<PROPERTY NAME="Parameters" CHECKED="True" SYSID="6B0EBED1-EB63-4256B5C7A82CB4FF5800" TYPENAME="String" ENUMTYPE="2">
	</PROPERTY>
	<PROPERTY NAME="Parameters" CHECKED="True" SYSID="B45BF37D-144D-476DBC1E0462B0C7D86D" TYPENAME="String" ENUMTYPE="4">
	</PROPERTY>
	<PROPERTY NAME="Syntax" CHECKED="True" SYSID="01DEB15A-0A16-4685981CF3B524985600" TYPENAME="String" ENUMTYPE="2">
	</PROPERTY>
	<PROPERTY NAME="Syntax" CHECKED="True" SYSID="9150E2DD-BCFB-4D6AB767639B562774C1" TYPENAME="String" ENUMTYPE="4">
	</PROPERTY>
	<PROPERTY NAME="Results" CHECKED="True" SYSID="1686B325-FCBF-4F05893CD77132BB509" TYPENAME="String" ENUMTYPE="2">
	</PROPERTY>
	<PROPERTY NAME="Results" CHECKED="True" SYSID="8CB447D5-010E-4FA281BDF8EF25D8DBF9" TYPENAME="String" ENUMTYPE="4">
	</PROPERTY>
	<PROPERTY NAME="Errors" CHECKED="True" SYSID="CB548AB9-27AC-40EAA1F0B649F3921B89" TYPENAME="String" ENUMTYPE="2">
	</PROPERTY>
	<PROPERTY NAME="Errors" CHECKED="True" SYSID="D8F3A0DC-851C-45BD94DFE3003216FF89" TYPENAME="String" ENUMTYPE="4">
	</PROPERTY>
	<PROPERTY NAME="OneLineDescription" CHECKED="True" SYSID="F7EBBA2E-F6E1-4332BD2F63D405F35E9C" TYPENAME="String" ENUMTYPE="2">
	</PROPERTY>
	<PROPERTY NAME="OneLineDescription" CHECKED="True" SYSID="339B6ABA-5251-49B3A9AE5800DF2DA286" TYPENAME="String" ENUMTYPE="4">
	</PROPERTY>
	<PROPERTY NAME="LongDescription" CHECKED="True" SYSID="E0C2B2FD-FA33-42429B4884368B17717B" TYPENAME="String" ENUMTYPE="2">
	</PROPERTY>
	<PROPERTY NAME="LongDescription" CHECKED="True" SYSID="09E764B6-8AF6-47F4B152777214C24D3D" TYPENAME="String" ENUMTYPE="4">
	</PROPERTY>
	<PROPERTY NAME="Comments" CHECKED="True" SYSID="D7CB94DD-BF23-4EE799845473055714FE" TYPENAME="String" ENUMTYPE="2">
	</PROPERTY>
	<PROPERTY NAME="Comments" CHECKED="True" SYSID="42931A7E-772E-420680B6AAE952D4D10" TYPENAME="String" ENUMTYPE="4">
	</PROPERTY>
	<PROPERTY NAME="SeeAlso" CHECKED="True" SYSID="7D9069A7-BF23-4C3C876B6F9CD0EF98BF" TYPENAME="String" ENUMTYPE="2">
	</PROPERTY>
	<PROPERTY NAME="SeeAlso" CHECKED="True" SYSID="89FC396C-8104-41929CA64E003BFA8C56" TYPENAME="String" ENUMTYPE="4">
	</PROPERTY>
	<PROPERTY NAME="Examples" CHECKED="True" SYSID="8A2DB29C-A867-455990FC42BE7E4EC8F" TYPENAME="String" ENUMTYPE="2">
	</PROPERTY>
	<PROPERTY NAME="Examples" CHECKED="True" SYSID="932AA3EA-5139-4E90BFEAB7C7D6F84F9F" TYPENAME="String" ENUMTYPE="4">
	</PROPERTY>
	<PROPERTY NAME="HelpFile" CHECKED="True" SYSID="47C4D843-99A9-4E18ABBDA311CAF89072" TYPENAME="String" ENUMTYPE="2">
	</PROPERTY>
	<PROPERTY NAME="HelpFile" CHECKED="True" SYSID="B8EF4AEC-2DB7-459C819F97AC597FF000" TYPENAME="String" ENUMTYPE="4">
	</PROPERTY>
	<PROPERTY NAME="HelpTopic" CHECKED="True" SYSID="81368BFC-ACAB-4545BB57C5A8484C116B" TYPENAME="Long" ENUMTYPE="2">
	</PROPERTY>
	<PROPERTY NAME="HelpTopic" CHECKED="True" SYSID="BB9A2547-D77C-4BF9BAF2F1A0174C174C" TYPENAME="Long" ENUMTYPE="4">
	</PROPERTY>
	<PROPERTY NAME="IsInline" CHECKED="True" SYSID="D1734CB7-5B5F-4595B58F2344DB5B0200" TYPENAME="Boolean" ENUMTYPE="2">
	</PROPERTY>
	<PROPERTY NAME="IsInline" CHECKED="True" SYSID="5DB3745C-78A6-412C98E2900FF601468" TYPENAME="Boolean" ENUMTYPE="4">
	</PROPERTY>
	<PROPERTY NAME="Index" CHECKED="True" SYSID="D8E2F33A-DDF2-4E74AF7F50E303962421" TYPENAME="Long" ENUMTYPE="2">
	</PROPERTY>
	<PROPERTY NAME="Index" CHECKED="True" SYSID="98616310-6D7D-41D896F3D500AABB50E4" TYPENAME="Long" ENUMTYPE="4">
	</PROPERTY>
</COCLASS>
<COCLASS NAME="CSadCommands" SYSID="C28EE47C-205C-445E006814368D8EC104" CHECKED="True">
	<HELPSTRING>Sandy - Soft Command Collection</HELPSTRING>
	<METHOD NAME="Append" CHECKED="True" SYSID="BC5BF328-9D67-464998400000F33298EB">
		<METHPARAM NAME="NewItem" DEFAULT="False" OPTIONAL="False" TYPENAME="Object">
		</METHPARAM>
	</METHOD>
	<METHOD NAME="CheckSyntax" CHECKED="True" SYSID="00062BE9-F96E-484BB291A8752CEF3200">
		<METHPARAM NAME="SoftCommandName" DEFAULT="False" OPTIONAL="False" TYPENAME="String">
		</METHPARAM>
	</METHOD>
	<METHOD NAME="Add" CHECKED="True" SYSID="13C4C594-2A9B-4CD0BD60DABF488E10A4">
		<METHPARAM NAME="SoftCommandName" DEFAULT="False" OPTIONAL="False" TYPENAME="String">
		</METHPARAM>
		<METHPARAM NAME="bInLine" DEFAULT="True" DEFAULTVALUE="False" OPTIONAL="False" TYPENAME="Boolean">
		</METHPARAM>
	</METHOD>
	<METHOD NAME="Clear" CHECKED="True" SYSID="35E2CE0A-6596-4705BBD71C4961B04EAE">
		<METHPARAM NAME="bRecreateCollection" DEFAULT="True" DEFAULTVALUE="True" OPTIONAL="False" TYPENAME="Boolean">
		</METHPARAM>
	</METHOD>
	<METHOD NAME="HideWindow" CHECKED="True" SYSID="22C18E66-9FA7-460DA591ED821EE4F5DD">
		<METHPARAM NAME="bUnloadAsWell" DEFAULT="True" DEFAULTVALUE="False" OPTIONAL="False" TYPENAME="Boolean">
		</METHPARAM>
	</METHOD>
	<METHOD NAME="Remove" CHECKED="True" SYSID="EF6352B7-54D1-483497B95DD2E5D42161">
		<METHPARAM NAME="vntIndexKey" DEFAULT="False" OPTIONAL="False" TYPENAME="String">
		</METHPARAM>
	</METHOD>
	<METHOD NAME="ShowHelpScreen" CHECKED="True" SYSID="08CCA4C2-104C-40C695178F8CBCBA328F">
		<METHPARAM NAME="sSoftCommand" DEFAULT="False" OPTIONAL="False" TYPENAME="String">
		</METHPARAM>
	</METHOD>
	<PROPERTY NAME="ParameterDelimiter" CHECKED="True" SYSID="FB0A8E06-BA8D-41909B7045CE6352442F" TYPENAME="String" ENUMTYPE="2">
	</PROPERTY>
	<PROPERTY NAME="ParameterDelimiter" CHECKED="True" SYSID="C019DDCE-90A0-43BBA74D1851404CFD5" TYPENAME="String" ENUMTYPE="4">
	</PROPERTY>
	<PROPERTY NAME="ParameterTypeDelimiter" CHECKED="True" SYSID="13DB4514-02FC-4055A71C37A3FB8C006E" TYPENAME="String" ENUMTYPE="2">
	</PROPERTY>
	<PROPERTY NAME="ParameterTypeDelimiter" CHECKED="True" SYSID="ED39246A-2AF3-425F8006BDFEEDA3A158" TYPENAME="String" ENUMTYPE="4">
	</PROPERTY>
	<PROPERTY NAME="Parent" CHECKED="True" SYSID="63A68E3D-47A3-49B9BD8C73F0A8F72710" TYPENAME="_Wizard" ENUMTYPE="2">
	</PROPERTY>
	<PROPERTY NAME="Parent" CHECKED="True" SYSID="6B102DDC-E82D-4344B9ABCA08CBB442C" TYPENAME="_Wizard" ENUMTYPE="8">
	</PROPERTY>
	<PROPERTY NAME="Attributes" CHECKED="True" SYSID="917E0D8C-C3DA-42DEB4496C68FBC6B5F2" TYPENAME="_CAssocArray" ENUMTYPE="2">
	</PROPERTY>
	<PROPERTY NAME="All" CHECKED="True" SYSID="611CFE96-B8F8-40979963DD4CE96637B6" TYPENAME="String" ENUMTYPE="4">
	</PROPERTY>
	<PROPERTY NAME="Item" CHECKED="True" SYSID="BD96B407-C8A6-44A59F9FC86028D5E57F" TYPENAME="_CSadCommand" ENUMTYPE="2">
	</PROPERTY>
	<PROPERTY NAME="Count" CHECKED="True" SYSID="232FD4B0-0FE7-4F38A0CFB5DBD3720672" TYPENAME="Long" ENUMTYPE="2">
	</PROPERTY>
	<PROPERTY NAME="NewEnum" CHECKED="True" SYSID="CBF47332-7A2D-494A8801E14F97485204" TYPENAME="IUnknown" ENUMTYPE="2">
	</PROPERTY>
</COCLASS>
<COCLASS NAME="ISadAddin" SYSID="23C8D7D2-D1B9-46CEAE770162D2DEDAC9" CHECKED="True">
	<HELPSTRING>Sandy - Addin Abstract Class</HELPSTRING>
	<METHOD NAME="ExecuteSoftCommand" CHECKED="True" SYSID="2402ACAA-DE18-4887AF3E5B08F066EE69">
		<METHPARAM NAME="II" DEFAULT="False" OPTIONAL="False" TYPENAME="_CInsertionInfo">
		</METHPARAM>
	</METHOD>
	<METHOD NAME="Shutdown" CHECKED="True" SYSID="E8EC9E8D-09B1-4BEEA18F4E24D17DA6C9">
	</METHOD>
	<METHOD NAME="Startup" CHECKED="True" SYSID="AB67D561-DC62-44A1A97DF13EBE001267">
		<METHPARAM NAME="oParent" DEFAULT="False" OPTIONAL="False" TYPENAME="_Wizard">
		</METHPARAM>
		<METHPARAM NAME="vbInst" DEFAULT="False" OPTIONAL="False" TYPENAME="VBE">
		</METHPARAM>
	</METHOD>
	<METHOD NAME="ExecuteSoftCommandInline" CHECKED="True" SYSID="0DED2B77-757C-45EE99AC32D509BC2568">
		<METHPARAM NAME="SoftVars" DEFAULT="False" OPTIONAL="False" TYPENAME="_CAssocArray">
		</METHPARAM>
		<METHPARAM NAME="sInlineSoftCommandName" DEFAULT="False" OPTIONAL="False" TYPENAME="String">
		</METHPARAM>
		<METHPARAM NAME="sParameters" DEFAULT="False" OPTIONAL="False" TYPENAME="String">
		</METHPARAM>
		<METHPARAM NAME="sResults" DEFAULT="False" OPTIONAL="False" TYPENAME="String">
		</METHPARAM>
	</METHOD>
	<METHOD NAME="ExecuteExternal" CHECKED="True" SYSID="3D7AE554-6D02-4AFEA03E64BE9E09E79F">
		<METHPARAM NAME="sKey" DEFAULT="False" OPTIONAL="False" TYPENAME="String">
		</METHPARAM>
		<METHPARAM NAME="sValue" DEFAULT="False" OPTIONAL="False" TYPENAME="String">
		</METHPARAM>
	</METHOD>
	<PROPERTY NAME="CommandSet" CHECKED="True" SYSID="4E13771B-5660-41E887A962B340C8B9D" TYPENAME="_CSadCommands" ENUMTYPE="2">
	</PROPERTY>
	<PROPERTY NAME="Externals" CHECKED="True" SYSID="7A090E56-2106-4D5B81247C96C84B4CBF" TYPENAME="_CAssocArray" ENUMTYPE="2">
	</PROPERTY>
</COCLASS>
<COCLASS NAME="CInsertionInfo" SYSID="5E77ACA8-7FD5-4FBBA1C0882BCEBEFD9F" CHECKED="True">
	<HELPSTRING>Sandy - InsertionInfo</HELPSTRING>
	<PROPERTY NAME="TemplateName" CHECKED="True" SYSID="C68A7AE9-1DF8-44EEA0EAC6F646DD656" TYPENAME="String" ENUMTYPE="2">
	</PROPERTY>
	<PROPERTY NAME="TemplateName" CHECKED="True" SYSID="E8935062-9021-404393CB670707E9311D" TYPENAME="String" ENUMTYPE="4">
	</PROPERTY>
	<PROPERTY NAME="OriginalCodeToInsert" CHECKED="True" SYSID="E8B05CD7-C10A-424CB37327125740BE00" TYPENAME="String" ENUMTYPE="2">
	</PROPERTY>
	<PROPERTY NAME="OriginalCodeToInsert" CHECKED="True" SYSID="F4DD6100-5B0C-477395AE938423C3DEB" TYPENAME="String" ENUMTYPE="4">
	</PROPERTY>
	<PROPERTY NAME="ExternalFilename" CHECKED="True" SYSID="9EB9D8FD-7168-43B7994054F862A2DD2B" TYPENAME="String" ENUMTYPE="2">
	</PROPERTY>
	<PROPERTY NAME="ExternalFilename" CHECKED="True" SYSID="9654CBA4-276B-4A918BC800AD7C212177" TYPENAME="String" ENUMTYPE="4">
	</PROPERTY>
	<PROPERTY NAME="TextToSendToFile" CHECKED="True" SYSID="9D06DBCB-CE21-4D4B937E4600EA3969DF" TYPENAME="String" ENUMTYPE="2">
	</PROPERTY>
	<PROPERTY NAME="TextToSendToFile" CHECKED="True" SYSID="3F315D16-A670-4840B35F01F5F7D6655B" TYPENAME="String" ENUMTYPE="4">
	</PROPERTY>
	<PROPERTY NAME="SoftCommandName" CHECKED="True" SYSID="501E435F-C782-430687A9F78F74D19052" TYPENAME="String" ENUMTYPE="2">
	</PROPERTY>
	<PROPERTY NAME="SoftCommandName" CHECKED="True" SYSID="7E0B8465-E103-438BA7A07626663808F4" TYPENAME="String" ENUMTYPE="4">
	</PROPERTY>
	<PROPERTY NAME="LinesLeftToProcess" CHECKED="True" SYSID="ABAA7EDC-1801-414482749DC7841519FE" TYPENAME="String" ENUMTYPE="2">
	</PROPERTY>
	<PROPERTY NAME="LinesLeftToProcess" CHECKED="True" SYSID="8241574D-0CC7-40919C4717DB922C0091" TYPENAME="String" ENUMTYPE="4">
	</PROPERTY>
	<PROPERTY NAME="PointOfInsertion" CHECKED="True" SYSID="8C56FA03-D17C-4F57AB598EEB1EFECA3F" TYPENAME="Long" ENUMTYPE="2">
	</PROPERTY>
	<PROPERTY NAME="PointOfInsertion" CHECKED="True" SYSID="7CC66011-0257-4293B12C09A516DF2458" TYPENAME="Long" ENUMTYPE="4">
	</PROPERTY>
	<PROPERTY NAME="CurrentLineToProcess" CHECKED="True" SYSID="12ACCEFB-CD74-46C3B3B41FA961FED4" TYPENAME="String" ENUMTYPE="2">
	</PROPERTY>
	<PROPERTY NAME="CurrentLineToProcess" CHECKED="True" SYSID="296D2A94-81DD-4409992D54D4DF001F64" TYPENAME="String" ENUMTYPE="4">
	</PROPERTY>
	<PROPERTY NAME="Result" CHECKED="True" SYSID="1E9BD2FC-00FC-4D55AEA45037B6892399" TYPENAME="String" ENUMTYPE="2">
	</PROPERTY>
	<PROPERTY NAME="Result" CHECKED="True" SYSID="1B5088BC-91C5-485A9904736DF3D4BD23" TYPENAME="String" ENUMTYPE="4">
	</PROPERTY>
	<PROPERTY NAME="Expression" CHECKED="True" SYSID="1A4A1FE6-DB58-469B947B4B404757D047" TYPENAME="String" ENUMTYPE="2">
	</PROPERTY>
	<PROPERTY NAME="Expression" CHECKED="True" SYSID="59DAB5B2-BFA3-4AFFACB446C2979EA7C3" TYPENAME="String" ENUMTYPE="4">
	</PROPERTY>
	<PROPERTY NAME="sParam" CHECKED="True" SYSID="249546FF-E710-4D2393F34BAF949B79D3" TYPENAME="String" ENUMTYPE="2">
	</PROPERTY>
	<PROPERTY NAME="sParam" CHECKED="True" SYSID="CCA72E02-00F8-4797AFBA46FBECA6082C" TYPENAME="String" ENUMTYPE="4">
	</PROPERTY>
	<PROPERTY NAME="AllParameters" CHECKED="True" SYSID="73B45186-D263-4D5F98735F1BA530E7AC" TYPENAME="String" ENUMTYPE="2">
	</PROPERTY>
	<PROPERTY NAME="AllParameters" CHECKED="True" SYSID="E32960BA-581C-464A002C4500C765B9BB" TYPENAME="String" ENUMTYPE="4">
	</PROPERTY>
	<PROPERTY NAME="ParamLineOffset" CHECKED="True" SYSID="4019C23E-D112-4EF999D4604394C868B4" TYPENAME="Long" ENUMTYPE="2">
	</PROPERTY>
	<PROPERTY NAME="ParamLineOffset" CHECKED="True" SYSID="5FF6C4F9-4C1C-4860A7F000CE008F3E3F" TYPENAME="Long" ENUMTYPE="4">
	</PROPERTY>
	<PROPERTY NAME="SoftVars" CHECKED="True" SYSID="84A3359E-69EE-43EEA97F22C6B2521FD5" TYPENAME="_CAssocArray" ENUMTYPE="2">
	</PROPERTY>
	<PROPERTY NAME="SoftVars" CHECKED="True" SYSID="5E9A7025-3121-4526949C7645ED19B31F" TYPENAME="_CAssocArray" ENUMTYPE="8">
	</PROPERTY>
	<PROPERTY NAME="CurrControl" CHECKED="True" SYSID="C96D66A0-789F-4419B8D4611EE00C8C4" TYPENAME="VBControl" ENUMTYPE="2">
	</PROPERTY>
	<PROPERTY NAME="CurrControl" CHECKED="True" SYSID="BBB1826E-C861-4E1A884528000095E6BF" TYPENAME="VBControl" ENUMTYPE="8">
	</PROPERTY>
</COCLASS>
<COCLASS NAME="CAssocArrays" SYSID="B4C8C2DB-2ADD-4D289DF32481B3CFC9DE" CHECKED="True">
	<METHOD NAME="Add" CHECKED="True" SYSID="F673E2F6-9426-4A829FA57EB266253C1">
		<METHPARAM NAME="sKey" DEFAULT="False" OPTIONAL="False" TYPENAME="String">
		</METHPARAM>
	</METHOD>
	<METHOD NAME="Clear" CHECKED="True" SYSID="3A291CD5-33FD-40FC81D413ABB301008">
		<METHPARAM NAME="bRecreateCollection" DEFAULT="True" DEFAULTVALUE="True" OPTIONAL="False" TYPENAME="Boolean">
		</METHPARAM>
	</METHOD>
	<METHOD NAME="Load" CHECKED="True" SYSID="9E53822D-54AB-4C9BB9EB1B6735357C3B">
		<METHPARAM NAME="sFilename" DEFAULT="False" OPTIONAL="False" TYPENAME="String">
		</METHPARAM>
		<METHPARAM NAME="bClearFirst" DEFAULT="True" DEFAULTVALUE="True" OPTIONAL="False" TYPENAME="Boolean">
		</METHPARAM>
	</METHOD>
	<METHOD NAME="Remove" CHECKED="True" SYSID="68E02D1F-663A-4FDE9B21E0EA4D075F7C">
		<METHPARAM NAME="sIndexKey" DEFAULT="False" OPTIONAL="False" TYPENAME="String">
		</METHPARAM>
	</METHOD>
	<METHOD NAME="Save" CHECKED="True" SYSID="D7883D52-E61B-480E8CA1AE10BD9B61BD">
		<METHPARAM NAME="sFilename" DEFAULT="False" OPTIONAL="False" TYPENAME="String">
		</METHPARAM>
	</METHOD>
	<PROPERTY NAME="Item" CHECKED="True" SYSID="35870F49-3B20-4479B6E2D5D0C45B4215" TYPENAME="_CAssocArray" ENUMTYPE="2">
	</PROPERTY>
	<PROPERTY NAME="Count" CHECKED="True" SYSID="EF4272DF-9A77-4F58B5849D076D1E3800" TYPENAME="Long" ENUMTYPE="2">
	</PROPERTY>
	<PROPERTY NAME="NewEnum" CHECKED="True" SYSID="A0D6BC2B-4D6E-40F398D4881DFCC466E5" TYPENAME="IUnknown" ENUMTYPE="2">
	</PROPERTY>
</COCLASS>
<COCLASS NAME="ISandyIDE" SYSID="F2EAA96C-922D-4D249E85CC993452BC00" CHECKED="True">
	<PROPERTY NAME="ActiveCodePane" CHECKED="True" SYSID="66C7BEE9-2F20-4AEFB2B182369FBCEA3" TYPENAME="_CodePane" ENUMTYPE="2">
	</PROPERTY>
</COCLASS>
<COCLASS NAME="CVBIDE" SYSID="ACB5D102-8654-40A9BD86F60077E57040" CHECKED="True">
	<PROPERTY NAME="ActiveCodePane" CHECKED="True" SYSID="93080D90-2B9F-4158AED03118345D7EB8" TYPENAME="_CodePane" ENUMTYPE="2">
	</PROPERTY>
</COCLASS>
<COCLASS NAME="cRegHotKey" SYSID="91D33BC7-4F00-449C0021D16EBE7FC472" CHECKED="True">
	<METHOD NAME="Attach" CHECKED="True" SYSID="44D37E85-F611-4C0100561752D85349B7">
		<METHPARAM NAME="hwndA" DEFAULT="False" OPTIONAL="False" TYPENAME="Long">
		</METHPARAM>
	</METHOD>
	<METHOD NAME="Clear" CHECKED="True" SYSID="2300F029-F71C-4C3DA06C568DCFE4A48E">
	</METHOD>
	<METHOD NAME="RegisterKey" CHECKED="True" SYSID="13C1D1D5-330D-4D10983F5E7400B72483">
		<METHPARAM NAME="sName" DEFAULT="False" OPTIONAL="False" TYPENAME="String">
		</METHPARAM>
		<METHPARAM NAME="eKey" DEFAULT="False" OPTIONAL="False" TYPENAME="KeyCodeConstants">
		</METHPARAM>
		<METHPARAM NAME="eModifiers" DEFAULT="False" OPTIONAL="False" TYPENAME="EHKModifiers">
		</METHPARAM>
	</METHOD>
	<METHOD NAME="UnregisterKey" CHECKED="True" SYSID="BE45C44C-5C42-406B8C907322E0ADF8FC">
		<METHPARAM NAME="sName" DEFAULT="False" OPTIONAL="False" TYPENAME="String">
		</METHPARAM>
	</METHOD>
	<METHOD NAME="RestoreAndActivate" CHECKED="True" SYSID="B1D6E676-90DC-4E11AD2CFDB60061BF59">
		<METHPARAM NAME="hwnd" DEFAULT="False" OPTIONAL="False" TYPENAME="Long">
		</METHPARAM>
	</METHOD>
	<METHOD NAME="WindowProc" CHECKED="True" SYSID="8F1A8089-FB60-4C4CBAEF44364EDA21D">
		<HELPSTRING>Raised whenever a message you have subclassed is sent.</HELPSTRING>
		<METHPARAM NAME="hwnd" DEFAULT="False" OPTIONAL="False" TYPENAME="Long">
		</METHPARAM>
		<METHPARAM NAME="iMsg" DEFAULT="False" OPTIONAL="False" TYPENAME="Long">
		</METHPARAM>
		<METHPARAM NAME="wParam" DEFAULT="False" OPTIONAL="False" TYPENAME="Long">
		</METHPARAM>
		<METHPARAM NAME="lParam" DEFAULT="False" OPTIONAL="False" TYPENAME="Long">
		</METHPARAM>
	</METHOD>
	<PROPERTY NAME="MsgResponse" CHECKED="True" SYSID="F0A177DC-02B5-435181CFFD52920031E8" TYPENAME="EMsgResponse" ENUMTYPE="2">
		<HELPSTRING>Get/set how you will respond to a message.  Raised whenever a message is encountered.  Call the CurrentMessage property to determine what message you are currently responding to.</HELPSTRING>
	</PROPERTY>
	<PROPERTY NAME="MsgResponse" CHECKED="True" SYSID="E0701F66-5895-4C21B5C2B1759E0B72C" TYPENAME="EMsgResponse" ENUMTYPE="4">
		<HELPSTRING>Get/set how you will respond to a message.  Raised whenever a message is encountered.  Call the CurrentMessage property to determine what message you are currently responding to.</HELPSTRING>
	</PROPERTY>
	<EVENT NAME="HotKeyPress" CHECKED="True" SYSID="23CC6792-947C-4DE095007F5EB3C9E78F">
		<EVENTPARAM NAME="sName" DEFAULT="False" OPTIONAL="False" TYPENAME="String">
		</EVENTPARAM>
		<EVENTPARAM NAME="eModifiers" DEFAULT="False" OPTIONAL="False" TYPENAME="EHKModifiers">
		</EVENTPARAM>
		<EVENTPARAM NAME="eKey" DEFAULT="False" OPTIONAL="False" TYPENAME="KeyCodeConstants">
		</EVENTPARAM>
	</EVENT>
</COCLASS>
</COCLASSES>

